,0
2011-11-02,0.0
2011-11-03,0.0
2011-11-04,0.0
2011-11-07,0.0
2011-11-08,0.0
2011-11-09,0.0
2011-11-10,0.0
2011-11-11,0.0
2011-11-14,0.0
2011-11-15,0.0
2011-11-16,0.0
2011-11-17,0.0
2011-11-18,0.0
2011-11-21,0.0
2011-11-22,0.0
2011-11-23,0.0
2011-11-25,0.0
2011-11-28,0.0
2011-11-29,0.0
2011-11-30,0.0
2011-12-01,0.0
2011-12-02,0.0
2011-12-05,0.0
2011-12-06,0.0
2011-12-07,0.0
2011-12-08,0.0
2011-12-09,0.0
2011-12-12,0.0
2011-12-13,0.0
2011-12-14,0.0
2011-12-15,0.0
2011-12-16,0.0
2011-12-19,0.0
2011-12-20,0.0
2011-12-21,0.0
2011-12-22,0.0
2011-12-23,0.0
2011-12-27,0.0
2011-12-28,0.0
2011-12-29,0.0
2011-12-30,0.0
2012-01-03,-0.005668047578461929
2012-01-04,-0.0023705900895450794
2012-01-05,-0.0046602679310380245
2012-01-06,0.0010165935528374948
2012-01-09,0.006808550840264834
2012-01-10,-0.0037342712563682165
2012-01-11,0.00387346401145641
2012-01-12,-0.006833212784153692
2012-01-13,0.00838198156846603
2012-01-17,0.0032887843257471535
2012-01-18,0.0035983921529270106
2012-01-19,-0.002143243778073339
2012-01-20,-0.003141948349590938
2012-01-23,0.00037465366962748217
2012-01-24,0.007793254394236473
2012-01-25,-0.0017246439000486529
2012-01-26,-0.0012090025480613045
2012-01-27,-0.0022957675736064212
2012-01-30,-0.0012597606222206185
2012-01-31,0.009038125054933628
2012-02-01,-0.004624786318670278
2012-02-02,0.011926317617569957
2012-02-03,-0.002438188516343307
2012-02-06,-1.7862654296162958e-05
2012-02-07,0.002137350676748373
2012-02-08,0.0007208452720760239
2012-02-09,-0.011893663988417996
2012-02-10,0.01016929336599446
2012-02-13,-0.005046898392496226
2012-02-14,-0.00616127147102125
2012-02-15,0.007026174304705291
2012-02-16,0.0010859744092534083
2012-02-17,-0.0014368053900984746
2012-02-21,-0.006977310454027635
2012-02-22,0.003782821546417375
2012-02-23,0.0018708968635503629
2012-02-24,0.002715048474548653
2012-02-27,0.007302853854940098
2012-02-28,-0.004307811232187226
2012-02-29,0.0060148874951005335
2012-03-01,-0.0019443777587949415
2012-03-02,-0.005833630117682531
2012-03-05,-0.012833387140078973
2012-03-06,0.007389036744397424
2012-03-07,0.010823728961746595
2012-03-08,0.005263359263437002
2012-03-09,-0.002149220174576485
2012-03-12,0.018712720309809944
2012-03-13,0.004219548072478225
2012-03-14,0.002498470466426633
2012-03-15,0.0009519611412631848
2012-03-16,0.010003018980864016
2012-03-19,-0.0029289033582711177
2012-03-20,0.003828847629728358
2012-03-21,-0.007325868521966531
2012-03-22,-0.00022366627674882998
2012-03-23,0.01696678249464493
2012-03-26,0.0010797579584782557
2012-03-27,-0.002356827122791437
2012-03-28,-0.0022824029457881867
2012-03-29,-0.0007825820391857651
2012-03-30,0.008354198298124782
2012-04-02,-0.0010555431972255613
2012-04-03,-0.013915986792954582
2012-04-04,0.004488477948458414
2012-04-05,-0.006803278517337752
2012-04-09,-0.0102342488812881
2012-04-10,0.0003480474724255611
2012-04-11,0.011011963545310977
2012-04-12,-0.014252760477234228
2012-04-13,-0.0065516584132150335
2012-04-16,0.01680610866539497
2012-04-17,-0.00713374132637919
2012-04-18,-0.009461129767254637
2012-04-19,0.0030860467686626572
2012-04-20,-0.012804472828852978
2012-04-23,-0.004726349516116518
2012-04-24,0.010167578989778027
2012-04-25,0.008848992548051026
2012-04-26,0.0014420267102399449
2012-04-27,-0.002867182370093026
2012-04-30,0.0076925663311593635
2012-05-01,-0.0008753673021574466
2012-05-02,-0.0038473209804612985
2012-05-03,-0.009221370887126356
2012-05-04,0.0034142382078090503
2012-05-07,-0.0030556543107131693
2012-05-08,-0.002013735310099978
2012-05-09,0.004014333350292533
2012-05-10,0.007413421778296033
2012-05-11,-0.00661160352855312
2012-05-14,-0.0010594042779869296
2012-05-15,-0.0027697087114185314
2012-05-16,0.002042693863605353
2012-05-17,-0.0024614186753194834
2012-05-18,-0.0005809600270242354
2012-05-21,-0.0009448028855078006
2012-05-22,-0.007365092037404402
2012-05-23,0.011066984607680136
2012-05-24,0.001517356105822631
2012-05-25,0.007901546536376994
2012-05-29,-0.0032737349001361817
2012-05-30,0.004046390930460581
2012-05-31,-0.012888464875833061
2012-06-01,0.00529519602718076
2012-06-04,0.0012266265490825656
2012-06-05,0.010305621152931543
2012-06-06,-0.003812214157406641
2012-06-07,0.006223871441048488
2012-06-08,0.002692153338647863
2012-06-11,0.00038134205455884855
2012-06-12,0.0005498427641164889
2012-06-13,0.010493093993577661
2012-06-14,0.0034425576348744227
2012-06-15,0.004024222832795301
2012-06-18,9.044399518515949e-05
2012-06-19,-0.013209600797108662
2012-06-20,-0.005776990116753159
2012-06-21,0.005384834863872973
2012-06-22,-0.006003797902077168
2012-06-25,0.0051374488170040635
2012-06-26,0.0008288100441997681
2012-06-27,-0.00469279437196017
2012-06-28,0.0184142458129299
2012-06-29,0.013184738680532604
2012-07-02,-0.0006460632924429637
2012-07-03,-0.0058150838991809055
2012-07-05,-0.007952752247430693
2012-07-06,0.0025198781616905695
2012-07-09,-0.002442669279579812
2012-07-10,6.798059138546364e-05
2012-07-11,-0.006978536789377166
2012-07-12,0.013176695729344804
2012-07-13,0.0029800431107304534
2012-07-16,0.008887198100883429
2012-07-17,0.004797461573361679
2012-07-18,-0.015654512954175547
2012-07-19,-0.003495046295281342
2012-07-20,-0.0024584862833699063
2012-07-23,-0.01990205332274612
2012-07-24,0.009729702445836765
2012-07-25,0.026309953990591516
2012-07-26,0.01532666878388765
2012-07-27,0.005659625333844428
2012-07-30,0.003714907344260027
2012-07-31,-0.004561639539278024
2012-08-01,-0.010968833941753216
2012-08-02,0.004633601342191929
2012-08-03,0.004807004174607998
2012-08-06,-0.0060123656569507355
2012-08-07,-0.0020813484502032464
2012-08-08,0.001955309040467368
2012-08-09,0.0016225773158984247
2012-08-10,0.0025010310544159664
2012-08-13,-0.0018402160970740222
2012-08-14,-0.00032592104654231564
2012-08-15,-0.0040205586471893096
2012-08-16,0.0017573760450853488
2012-08-17,-0.005795681257378943
2012-08-20,-0.007907420995774551
2012-08-21,-0.0009408877943043756
2012-08-22,-0.00624643910386174
2012-08-23,0.0070042801149373946
2012-08-24,-0.00034653712183298007
2012-08-27,0.0009371353213779573
2012-08-28,-0.0029562104976098564
2012-08-29,-0.00655514006310198
2012-08-30,0.0020496010919448704
2012-08-31,0.00036601515566857994
2012-09-04,0.001187033457373505
2012-09-05,0.01404166838502869
2012-09-06,-0.00015041305428080908
2012-09-07,-0.005897087356122255
2012-09-10,0.00015276563323374627
2012-09-11,0.004374080527498203
2012-09-12,0.01569522956129607
2012-09-13,-0.003149356831650166
2012-09-14,-0.006333145831010533
2012-09-17,-0.010407335637433783
2012-09-18,-0.005510209998755529
2012-09-19,0.000767106015687518
2012-09-20,0.003439869088506035
2012-09-21,-0.003990270423838829
2012-09-24,-0.010210785648811834
2012-09-25,-0.0040602119933621774
2012-09-26,0.0024566545409062178
2012-09-27,-0.004961309145870325
2012-09-28,0.002420871770146514
2012-10-01,-0.0017933907767539125
2012-10-02,-0.0007003037670344995
2012-10-03,0.004460056287370888
2012-10-04,-0.0014364560977483344
2012-10-05,-0.0040635351457622175
2012-10-08,-0.013546887079909233
2012-10-09,-0.00937212130460487
2012-10-10,0.005921318061169245
2012-10-11,-0.014600203459950833
2012-10-12,0.013128977482645665
2012-10-15,0.006857500231578747
2012-10-16,0.005194911320749098
2012-10-17,0.0007027184342363483
2012-10-18,-0.014753709307655634
2012-10-19,-0.005393953563341734
2012-10-22,-0.010453297041749736
2012-10-23,0.004850480173193955
2012-10-24,2.9278446365739062e-05
2012-10-25,-0.004551968703497281
2012-10-26,-0.001706120844160719
2012-10-31,0.008134819560534952
2012-11-01,-0.0036674701848765797
2012-11-02,-0.0026974498939504083
2012-11-05,0.010229031634152196
2012-11-06,-0.02700764570677833
2012-11-07,-0.018005202762332015
2012-11-08,0.005528285130588229
2012-11-09,-0.002772872955643435
2012-11-12,0.002064254045042903
2012-11-13,-0.019572277438456857
2012-11-14,-0.003637442633543597
2012-11-15,0.008354193641300967
2012-11-16,0.00786301639703857
2012-11-19,0.008317720250615841
2012-11-20,-0.000865691277523722
2012-11-21,0.012698963085819503
2012-11-23,-0.00779882407411977
2012-11-26,-0.004834193751074875
2012-11-27,0.0030814971969661867
2012-11-28,0.008241414195300771
2012-11-29,-0.0012443731888211154
2012-11-30,-0.0024524698265477275
2012-12-03,0.0012063177782458095
2012-12-04,0.0012241899621927566
2012-12-05,-0.0007722513723058544
2012-12-06,0.003477718655869211
2012-12-07,0.004311762375676847
2012-12-10,0.009710865468220087
2012-12-11,0.004618829578119321
2012-12-12,-0.01547245675256137
2012-12-13,-0.0036463482732768115
2012-12-14,0.0053289787789677825
2012-12-17,0.01750813392038213
2012-12-18,-0.0018887357924525228
2012-12-19,0.008619723643962619
2012-12-20,-0.010615247520942565
2012-12-21,-0.0009185639754490621
2012-12-24,-0.0027953854503428555
2012-12-26,-0.011232261438442382
2012-12-27,-0.0006229230423256039
2012-12-28,0.006370338815087922
2012-12-31,0.03389645895352748
2013-01-02,-0.0011602407384105106
2013-01-03,0.008115452350621846
2013-01-04,-0.0013819528594022986
2013-01-07,-0.0018236138443656481
2013-01-08,0.0021767406764496952
2013-01-09,0.0043320597877839345
2013-01-10,-0.002268573640376002
2013-01-11,-0.0011479811254091106
2013-01-14,0.004360242449513946
2013-01-15,-0.0024109737995466926
2013-01-16,0.0027920352991612214
2013-01-17,0.004494870684661593
2013-01-18,0.003155580068653712
2013-01-22,-0.0004823251164934098
2013-01-23,0.005123315173104276
2013-01-24,0.00685180319675439
2013-01-25,-0.0032650381865234647
2013-01-28,-0.00023716870969316286
2013-01-29,-0.007857787107716882
2013-01-30,-0.006000181747803457
2013-01-31,0.009943113192482773
2013-02-01,-0.011922635835413725
2013-02-04,0.011414435024554116
2013-02-05,0.0006378120634572965
2013-02-06,-0.0036124784901266638
2013-02-07,0.0038184801378588706
2013-02-08,0.002490278795628131
2013-02-11,0.006126415529019564
2013-02-12,-0.0003080464845337977
2013-02-13,0.0008106859776639807
2013-02-14,-0.0005669726281787858
2013-02-15,0.008474305142390061
2013-02-19,-0.00519797779175039
2013-02-20,-0.01486945502218393
2013-02-21,0.005633909162180874
2013-02-22,-0.018016761980251827
2013-02-25,0.0019342713780142943
2013-02-26,0.01567014116392977
2013-02-27,0.004278232400149333
2013-02-28,-0.00459193981793583
2013-03-01,0.0007461255929559849
2013-03-04,0.011064953278843088
2013-03-05,0.002901987007976859
2013-03-06,0.002763230978113221
2013-03-07,0.002244768492004032
2013-03-08,0.007234259622465421
2013-03-11,-0.007398906493835957
2013-03-12,0.004314182288984548
2013-03-13,0.0007202610246714605
2013-03-14,0.0007803801546692865
2013-03-15,-0.004050570854930254
2013-03-18,-0.0037080427348670135
2013-03-19,0.009620134356155736
2013-03-20,-0.005266286459133942
2013-03-21,0.0073649489083092625
2013-03-22,-0.0012156645513717568
2013-03-25,0.008073241801674158
2013-03-26,0.0033588180570216335
2013-03-27,0.004806480189707112
2013-03-28,0.003740176126462845
2013-04-01,0.011596934637463032
2013-04-02,-0.00855568922019231
2013-04-03,0.004765528252481416
2013-04-04,-0.0020064242109756707
2013-04-05,0.0048834585288258
2013-04-08,0.0021842836670940245
2013-04-09,0.008715008411477924
2013-04-10,0.0033378462642860355
2013-04-11,0.0015049363221736718
2013-04-12,-0.011772371154660097
2013-04-15,0.008581202720342282
2013-04-16,-0.006943180965051271
2013-04-17,0.0011245169484527303
2013-04-18,0.015966426965791057
2013-04-19,1.353085001262657e-05
2013-04-22,0.007187921498201219
2013-04-23,-0.013486172759228213
2013-04-24,0.000561569421192321
2013-04-25,-0.0006449276262648234
2013-04-26,0.006312177328789697
2013-04-29,0.002188302794175786
2013-04-30,-0.008043275443439827
2013-05-01,-0.0018256857577617649
2013-05-02,0.0008268572936216306
2013-05-03,-0.009007633322198592
2013-05-06,0.0054172734375495055
2013-05-07,-0.004498496074961776
2013-05-08,-0.007114580509398768
2013-05-09,0.002677187459806048
2013-05-10,0.000985072735989106
2013-05-13,0.007372269035891837
2013-05-14,0.008400511344420238
2013-05-15,-0.004727042303643521
2013-05-16,0.002260801337450638
2013-05-17,-0.0037700252346203945
2013-05-20,0.004848748324616205
2013-05-21,-0.011575536419974813
2013-05-22,-0.006899834232550327
2013-05-23,-0.0014493823546405317
2013-05-24,0.007703849196999331
2013-05-28,-0.010277320185430802
2013-05-29,0.009430829805034013
2013-05-30,-0.014162775850006856
2013-05-31,-0.005232442652853945
2013-06-03,-0.006236415758415243
2013-06-04,-0.016124515183155705
2013-06-05,0.009532388265997763
2013-06-06,0.013222081017589954
2013-06-07,0.001986665313741775
2013-06-10,-0.007447336351537069
2013-06-11,-0.01188818669310587
2013-06-12,0.011302637391833834
2013-06-13,-0.0022901112874586962
2013-06-14,0.00539260283724709
2013-06-17,0.007613951004011972
2013-06-18,-0.006911195639971179
2013-06-19,-0.037549070705965144
2013-06-20,0.0017453468940023375
2013-06-21,-0.015959753313421234
2013-06-24,0.012913180315421668
2013-06-25,0.011329903433963418
2013-06-26,0.010860270203122229
2013-06-27,-0.0010275563393092864
2013-06-28,0.002472334217212161
2013-07-01,-0.0017364969481885439
2013-07-02,0.0051936025351251745
2013-07-03,0.009777534139685674
2013-07-05,0.010289474107469667
2013-07-08,0.006801955103847693
2013-07-09,-0.0028427293291011253
2013-07-10,0.00959472068804422
2013-07-11,0.008268722577661876
2013-07-12,0.00044519480465538875
2013-07-15,-0.0028637673251816612
2013-07-16,0.0024865224296462926
2013-07-17,0.005053712959400896
2013-07-18,-0.004064976918502408
2013-07-19,0.002898488589262847
2013-07-22,-0.0015485356862877156
2013-07-23,-0.0061281510773516755
2013-07-24,1.6207871283656188e-05
2013-07-25,-0.003009973618994067
2013-07-26,-0.0030246792705012097
2013-07-29,-0.000967028401105632
2013-07-30,0.0006404814146825301
2013-07-31,0.010843787253615001
2013-08-01,0.0016722236943613905
2013-08-02,-0.002126183199960051
2013-08-05,-0.0065252031277787115
2013-08-06,-0.006622359116364555
2013-08-07,0.0031960096431449354
2013-08-08,-0.00275835542039599
2013-08-09,-0.0018694816038711695
2013-08-12,0.00047321703893352964
2013-08-13,-0.008722746557314847
2013-08-14,-0.01750509729281266
2013-08-15,-0.0022079124575799147
2013-08-16,-0.004266970232337066
2013-08-19,0.0028429805490225455
2013-08-20,-0.0074476336703381656
2013-08-21,0.011320150346110176
2013-08-22,0.0003502888881942944
2013-08-23,-0.0006683873452936046
2013-08-26,-0.018403123040145693
2013-08-27,0.0054431486029633495
2013-08-28,0.0020415596923906796
2013-08-29,-0.006193276733554673
2013-08-30,0.007419208803878878
2013-09-03,0.010269064084742983
2013-09-04,0.0015293087233599024
2013-09-05,-8.169958735973568e-05
2013-09-06,0.0046870933053890845
2013-09-09,0.008187093272294133
2013-09-10,0.006555632835891476
2013-09-11,-0.004738091248906416
2013-09-12,0.003526796344922471
2013-09-13,0.006854123667992839
2013-09-16,0.0017028412430617353
2013-09-17,0.013976294820376246
2013-09-18,-0.0017220715290857094
2013-09-19,-0.010736216641794406
2013-09-20,-0.004685664320889298
2013-09-23,-0.0024852341661283114
2013-09-24,-0.0012160334901403854
2013-09-25,0.00450424295811603
2013-09-26,-0.0090546107249743
2013-09-27,-0.004186471896366554
2013-09-30,0.006407145532019022
2013-10-01,0.0003084938662754091
2013-10-02,-0.009246740468715516
2013-10-03,0.013977274988813612
2013-10-04,-0.011554683382838604
2013-10-07,-0.016554223794343348
2013-10-08,0.0019555590088058405
2013-10-09,0.02066508724096372
2013-10-10,0.005474193016507867
2013-10-11,0.004260408856417027
2013-10-14,-0.005700970365716932
2013-10-15,0.009150215114950075
2013-10-16,0.010475066700658805
2013-10-17,0.004383952658039621
2013-10-18,0.0019527112155920338
2013-10-21,0.004662771345818213
2013-10-22,-0.006227926458000797
2013-10-23,0.005209366198399813
2013-10-24,0.0024279379333570672
2013-10-25,-0.005013106671800816
2013-10-28,0.0030291726605312123
2013-10-29,-0.005090997505895834
2013-10-30,-0.001746327760543789
2013-10-31,0.004763788791125254
2013-11-01,0.003365425643207753
2013-11-04,-0.0023592363093399384
2013-11-05,0.0039016067643796873
2013-11-06,-0.011450109246150331
2013-11-07,0.013799007695709076
2013-11-08,1.0900748842658368e-05
2013-11-11,-0.0023437935079341256
2013-11-12,0.005361058333139076
2013-11-13,0.004715724757180373
2013-11-14,0.002962473156614201
2013-11-15,-0.0015100827055250592
2013-11-18,-0.005717203726758756
2013-11-19,-0.0037484776458249006
2013-11-20,0.006366899378621769
2013-11-21,0.008766974707296545
2013-11-22,-0.0016029738993825282
2013-11-25,0.0006066672557461486
2013-11-26,0.003171897106339965
2013-11-27,-0.002965670614809413
2013-11-29,-0.003951092079247711
2013-12-02,-0.0062227640511753135
2013-12-03,-0.0019551284936360205
2013-12-04,-0.0028576458876586356
2013-12-05,0.010274534024713258
2013-12-06,0.0024379167785903667
2013-12-09,-0.0025695227721907405
2013-12-10,-0.009806687485578638
2013-12-11,-0.006965218130104511
2013-12-12,-0.0026165510732112404
2013-12-13,0.009713739048832385
2013-12-16,-6.551422270258326e-05
2013-12-17,0.010832442449568973
2013-12-18,0.0002990282710155153
2013-12-19,0.007502741430387682
2013-12-20,0.009477766500488129
2013-12-23,0.003205797075556101
2013-12-24,0.004646981087209989
2013-12-26,-0.0014603907395085254
2013-12-27,-0.0007160895829098955
2013-12-30,0.0057917417470574545
2013-12-31,-0.011793312370751284
2014-01-02,-0.0019037204217349
2014-01-03,-0.00434390395484342
2014-01-06,0.007287273262699076
2014-01-07,0.0008736516527753859
2014-01-08,-0.00048697020072607095
2014-01-09,0.002217152300020666
2014-01-10,-0.01059443717208449
2014-01-13,0.01443577250553189
2014-01-14,0.006905858096684555
2014-01-15,-0.0005008639940702749
2014-01-16,-0.004024971512207801
2014-01-17,0.005061396706762686
2014-01-21,0.00024409152034033223
2014-01-22,-0.005242655930943078
2014-01-23,-0.021642275904268662
2014-01-24,-0.009529269605275437
2014-01-27,0.0004726711111113623
2014-01-28,-0.009018244649433568
2014-01-29,0.01708651585082603
2014-01-30,-0.005648131065807825
2014-01-31,-0.02084583476972951
2014-02-03,0.010240413555162808
2014-02-04,-0.006264211491797645
2014-02-05,0.00597334567761927
2014-02-06,0.016377889682164644
2014-02-07,0.007052255580797454
2014-02-10,0.012989960539932547
2014-02-11,0.0005701579674193047
2014-02-12,0.008377645364678474
2014-02-13,0.0026982244227756382
2014-02-14,0.003707035005703982
2014-02-18,-0.004969342438677238
2014-02-19,0.003773499550682285
2014-02-20,-0.002162652362759418
2014-02-21,0.002049676943057157
2014-02-24,-0.002347381781854567
2014-02-25,-0.0026616750541810954
2014-02-26,-0.0014582307762949463
2014-02-27,0.0050543240693625615
2014-02-28,-0.003414795897098162
2014-03-03,0.014506836220144377
2014-03-04,-0.002141335500421623
2014-03-05,-0.0018302741754641985
2014-03-06,-0.004899982229531034
2014-03-07,0.00023796325616721558
2014-03-10,-0.004181072904278842
2014-03-11,9.0307106218531e-05
2014-03-12,-0.004926632900869997
2014-03-13,0.001871863763278725
2014-03-14,0.006097463787724411
2014-03-17,0.0016926755901096038
2014-03-18,-0.0136540439464641
2014-03-19,0.0003652780431699863
2014-03-20,-0.002249788984578072
2014-03-21,-0.0017348838483295084
2014-03-24,0.0043442312632137586
2014-03-25,-0.0057826448497060225
2014-03-26,0.007020709553882853
2014-03-27,0.0030364500069698145
2014-03-28,0.00970183079153069
2014-03-31,-0.006503964684566932
2014-04-01,-0.0014476304986841722
2014-04-02,0.0023965613471308047
2014-04-03,0.005511797890031469
2014-04-04,-0.0016284270173227296
2014-04-07,0.013493046576939116
2014-04-08,-0.002821919422587264
2014-04-09,-0.004018848172910577
2014-04-10,-0.0010374968994903977
2014-04-11,0.0065146809747616
2014-04-14,0.01327323522888646
2014-04-15,0.007452326700543965
2014-04-16,-0.011257872269323396
2014-04-17,-0.00034066462271573495
2014-04-21,-0.00020861576994050132
2014-04-22,0.001612775125718101
2014-04-23,0.0037170723313476976
2014-04-24,0.005088915545994276
2014-04-25,0.004623390982153634
2014-04-28,-0.0012989650191407693
2014-04-29,0.001414123841811382
2014-04-30,-0.0003089056115415051
2014-05-01,-0.007591859608145147
2014-05-02,0.004360395338436324
2014-05-05,-0.0022583399992685436
2014-05-06,0.010146425296458199
2014-05-07,-0.010088518120225806
2014-05-08,-0.0023393649998435066
2014-05-09,0.0029019459755527076
2014-05-12,-0.00029106495016832765
2014-05-13,-0.001958066374826762
2014-05-14,-0.008486423630677196
2014-05-15,0.005193316840405046
2014-05-16,-0.002080267693026557
2014-05-19,-0.008901186825664318
2014-05-20,0.0028768316430825384
2014-05-21,0.00040469052605041826
2014-05-22,0.0011758299577494988
2014-05-23,0.0013173200929463029
2014-05-27,0.0010237027276522896
2014-05-28,0.003502789565888767
2014-05-29,0.00204648500116913
2014-05-30,-0.001323366531710678
2014-06-02,-0.0019846152991459362
2014-06-03,-0.0007903012772660578
2014-06-04,0.005367048401497214
2014-06-05,0.002393727776053653
2014-06-06,-0.0015209027674624978
2014-06-09,-0.0011659243798376857
2014-06-10,0.0005809904304615496
2014-06-11,0.0005597822983011559
2014-06-12,0.007939736131482626
2014-06-13,0.0030935917988103544
2014-06-16,-0.0013995494485612011
2014-06-17,0.007246718952370557
2014-06-18,0.006080689996793486
2014-06-19,0.006458417919598714
2014-06-20,0.002140071854064212
2014-06-23,-0.013976421703535243
2014-06-24,0.0037064851467732357
2014-06-25,-0.00017194457683155522
2014-06-26,0.0015973042942920971
2014-06-27,0.0006285833894700669
2014-06-30,0.0005756636947476359
2014-07-01,-0.0022796828315061073
2014-07-02,0.0031633627734780345
2014-07-03,-0.003235233382530739
2014-07-07,-0.004380878045663193
2014-07-08,0.00474948510201615
2014-07-09,-0.0038068729727687525
2014-07-10,-0.0012121283664143767
2014-07-11,0.006062189344347921
2014-07-14,-0.003440142812657862
2014-07-15,0.008158496251868763
2014-07-16,-0.011783863296138942
2014-07-17,0.011228821669204955
2014-07-18,-0.001857420409269613
2014-07-21,0.006996506210764005
2014-07-22,0.0015358903921928843
2014-07-23,-0.0001843877620266549
2014-07-24,-0.004042534038226688
2014-07-25,0.0017316768069683618
2014-07-28,-0.0019857943053419504
2014-07-29,-0.0005148586715492669
2014-07-30,-0.020344691465368228
2014-07-31,-0.004054195396058002
2014-08-01,0.006394693118755674
2014-08-04,-0.009367667424867707
2014-08-05,-0.0021038179288600523
2014-08-06,-0.004531088165991459
2014-08-07,0.006969851778511282
2014-08-08,0.005744378096470326
2014-08-11,-0.0020286950963375183
2014-08-12,0.011399496524384212
2014-08-13,0.001190524834040474
2014-08-14,0.0011239171417497331
2014-08-15,0.010411418873196101
2014-08-18,0.006803915856250808
2014-08-19,4.020253249512163e-06
2014-08-20,0.003918361318582103
2014-08-21,-0.0006552053830079773
2014-08-22,0.0007651852188937958
2014-08-25,0.0013345490170551858
2014-08-26,-0.00045876488659794075
2014-08-27,-0.0020468403919255726
2014-08-28,0.004333115401551856
2014-08-29,0.0009468324900836377
2014-09-02,-0.000820706797087381
2014-09-03,-0.003497361874565816
2014-09-04,0.00817685999264024
2014-09-05,-0.0004725888110192895
2014-09-08,-0.004878116751336748
2014-09-09,-0.005063736192486546
2014-09-10,-0.0016478571751581317
2014-09-11,-0.007815778657222845
2014-09-12,-0.005107847907292278
2014-09-15,0.007922939121689359
2014-09-16,0.001414345980318806
2014-09-17,0.00696334328569823
2014-09-18,-0.002539242843299978
2014-09-19,-0.007012216071425113
2014-09-22,-0.0041417240648099676
2014-09-23,0.012837005906946605
2014-09-24,-0.017112918953433406
2014-09-25,0.003039813112408085
2014-09-26,-0.0017254788851917915
2014-09-29,-0.005937804456276452
2014-09-30,-0.012284717413625563
2014-10-01,-0.002225748727420318
2014-10-02,0.019679495901796518
2014-10-03,-0.003905614187279971
2014-10-06,-0.01583173908749247
2014-10-07,0.025163266934701056
2014-10-08,-0.019871536079014707
2014-10-09,-0.007235019159299361
2014-10-10,-0.022809503751102415
2014-10-13,0.001791767616787933
2014-10-14,-0.01330853872562221
2014-10-15,0.00032227282417562897
2014-10-16,0.0
2014-10-17,0.013953715006898237
2014-10-20,0.00383298244399072
2014-10-21,0.002222114335908678
2014-10-22,0.0005076777212113595
2014-10-23,0.00878131283837974
2014-10-24,0.000279386544567629
2014-10-27,0.0056453708157840135
2014-10-28,-0.004065131671071214
2014-10-29,0.020149156282781966
2014-10-30,0.001977108895892431
2014-10-31,0.004154670434430964
2014-11-03,-0.003672642083553391
2014-11-04,0.013278670464700867
2014-11-05,-0.011495087720212717
2014-11-06,0.003703688983648715
2014-11-07,0.004857225951539113
2014-11-10,-0.0023500780317180117
2014-11-11,-0.009403240983598668
2014-11-12,0.0016247451489736736
2014-11-13,-0.006064956329703227
2014-11-14,0.0067786721206855045
2014-11-17,0.0035353109452212735
2014-11-18,0.003052200231349014
2014-11-19,-0.004254185650853035
2014-11-20,0.004395765441634898
2014-11-21,-0.0012798135320834843
2014-11-24,0.001338727908462578
2014-11-25,0.0034648860727891965
2014-11-26,0.010826998373539154
2014-11-28,-0.005738551928791524
2014-12-01,0.003727481473385321
2014-12-02,-0.006602313387261418
2014-12-03,-0.00030382759538597886
2014-12-04,-0.0012500881496989983
2014-12-05,0.004085330850005337
2014-12-08,0.0010212467058307753
2014-12-09,-9.713868622277084e-05
2014-12-10,-0.0011995013960609216
2014-12-11,-0.009353944848268056
2014-12-12,-0.008665701429204642
2014-12-15,-0.006135246329456612
2014-12-16,0.019775990477115313
2014-12-17,0.010134023797775274
2014-12-18,0.0013938068853332928
2014-12-19,0.014093079053812347
2014-12-22,-0.002801537600801603
2014-12-23,-0.004071411028302636
2014-12-24,0.004437568737498086
2014-12-26,0.004909826363796711
2014-12-29,-0.008545373565333745
2014-12-30,-0.015946756340828903
2014-12-31,0.01023664627268293
2015-01-02,-0.00037689463563289497
2015-01-05,0.008444075252283188
2015-01-06,0.014813680272398561
2015-01-07,0.007695772561800163
2015-01-08,-0.0028934456362173645
2015-01-09,0.002758794861402722
2015-01-12,-0.0030203920780597915
2015-01-13,0.003079926849747191
2015-01-14,0.0005197420661673623
2015-01-15,0.007514166728880705
2015-01-16,-0.0054766753570578775
2015-01-20,-0.0011546392008996735
2015-01-21,0.01629427736352797
2015-01-22,-0.001531386762677339
2015-01-23,0.006589703079547337
2015-01-26,-0.0013628430035185395
2015-01-27,-0.008233878961678058
2015-01-28,0.00163658877585597
2015-01-29,-0.018893546367153125
2015-01-30,0.0014717462502860104
2015-02-02,0.008389809801726536
2015-02-03,-0.00444294519856286
2015-02-04,0.011074742523838391
2015-02-05,-0.023378185222367835
2015-02-06,-0.003742894577894608
2015-02-09,0.006746938454354584
2015-02-10,-0.0026808758378963076
2015-02-11,0.010062456547242252
2015-02-12,-0.0024301632318983225
2015-02-13,-0.0019948338812001364
2015-02-17,0.004521126022943431
2015-02-18,-0.01403165773531025
2015-02-19,0.00850123332469933
2015-02-20,0.0027354613870460886
2015-02-23,-0.008954132009420033
2015-02-24,0.007328220376431059
2015-02-25,-0.004339495391950977
2015-02-26,-0.0012615107026296979
2015-02-27,0.011654243768935873
2015-03-02,-0.00250444126176633
2015-03-03,-0.00629492089782337
2015-03-04,0.0013603022859666764
2015-03-05,-0.01239130959411916
2015-03-06,0.00532699108330692
2015-03-09,-0.016545786897359818
2015-03-10,-0.004760932699797049
2015-03-11,0.017564235460628817
2015-03-12,-0.007669488718696616
2015-03-13,0.010925839082096545
2015-03-16,-0.004931835595860072
2015-03-17,0.008791592634036949
2015-03-18,-0.0017562422342127793
2015-03-19,0.009245168971844669
2015-03-20,-0.002827508459279815
2015-03-23,-0.00831297627578905
2015-03-24,-0.017998274545659713
2015-03-25,-0.0027235056342572728
2015-03-26,0.0074057704799279644
2015-03-27,0.009872892193910188
2015-03-30,-0.013955796987598312
2015-03-31,-0.005977183885759928
2015-04-01,0.008989180024335299
2015-04-02,0.004712509096526762
2015-04-06,-0.0052207897677416515
2015-04-07,0.009213542401280916
2015-04-08,0.0009080668703422501
2015-04-09,0.0032701975086529876
2015-04-10,-0.005277631600601906
2015-04-13,-0.0007438095234252318
2015-04-14,3.311421749851995e-05
2015-04-15,0.0017334118431364808
2015-04-16,-0.014689802254792994
2015-04-17,0.010410655587164025
2015-04-20,-0.00012787495834128398
2015-04-21,0.0014409618111759226
2015-04-22,0.004268073693303621
2015-04-23,0.00940170769540277
2015-04-24,-0.007194065129247676
2015-04-27,-0.0019369919860046927
2015-04-28,-0.006155677281435219
2015-04-29,-0.013529752251425279
2015-04-30,0.011549322580273172
2015-05-01,0.0007978458168543286
2015-05-04,-0.01298400631513342
2015-05-05,-0.0046584682242747895
2015-05-06,0.0045845932107836905
2015-05-07,0.01297290984904335
2015-05-08,-0.0004416978567298766
2015-05-11,-0.004998514865163561
2015-05-12,-0.0011962470999168928
2015-05-13,0.014126215077496118
2015-05-14,0.002056710900168346
2015-05-15,0.005492736994351377
2015-05-18,0.004788188919488438
2015-05-19,0.0014313635597917873
2015-05-20,-0.00043803016862159987
2015-05-21,-0.002594676956595432
2015-05-22,-0.009677302120539744
2015-05-26,0.011336332479213507
2015-05-27,0.0006695723980880697
2015-05-28,-0.002399567445560802
2015-05-29,0.003457635425700989
2015-06-01,-0.005796630693901905
2015-06-02,-0.0007480710195992882
2015-06-03,-0.007838112662981352
2015-06-04,-0.0041883160551632855
2015-06-05,-0.006068233198730987
2015-06-08,1.454799891362473e-06
2015-06-09,0.012695980615344372
2015-06-10,-0.0004953469765088922
2015-06-11,-0.0051007983479901
2015-06-12,-0.0051043093022968035
2015-06-15,0.005748960016013708
2015-06-16,0.000332952762035522
2015-06-17,0.009001638572440532
2015-06-18,-0.008729885846512282
2015-06-19,0.006740910411330072
2015-06-22,0.003048649088581624
2015-06-23,-0.008503719230934762
2015-06-24,-0.0018175928237450217
2015-06-25,-0.0015008269225323945
2015-06-26,-0.02341152046550743
2015-06-29,0.004139251588469728
2015-06-30,0.008592789504155984
2015-07-01,-0.003183568143641414
2015-07-02,-0.0018649851805451153
2015-07-06,0.0014188125595187581
2015-07-07,-0.017274158158484938
2015-07-08,0.005067785370721056
2015-07-09,0.013887751975706054
2015-07-10,0.010623723977885018
2015-07-13,0.0013278871536146486
2015-07-14,-0.000268532881120483
2015-07-15,0.009462579957916299
2015-07-16,-0.0021437541902253753
2015-07-17,0.0015491207560015179
2015-07-20,-0.0010807138611959033
2015-07-21,0.004008167046407134
2015-07-22,-0.006113952790751987
2015-07-23,-0.025129646399152827
2015-07-24,-0.006271732213862187
2015-07-27,0.013407665714048798
2015-07-28,0.004592946076814111
2015-07-29,0.001424281451035432
2015-07-30,0.003346347516694901
2015-07-31,-0.0017129980506470485
2015-08-03,0.0021831706068068655
2015-08-04,-0.010112333298809196
2015-08-05,-0.01697640762142224
2015-08-06,-0.0032181399182620585
2015-08-07,0.006488793319857142
2015-08-10,-0.00988827861264224
2015-08-11,-0.00457418143032789
2015-08-12,-0.0007412344027943939
2015-08-13,0.002772611109984228
2015-08-14,0.006387190874164259
2015-08-17,-0.00038916297053437875
2015-08-18,-0.0011421740246242145
2015-08-19,-0.017291526812154408
2015-08-20,-0.012105734065797624
2015-08-21,-0.0372009027341971
2015-08-24,0.0
2015-08-25,0.0
2015-08-26,0.0
2015-08-27,0.0
2015-08-28,-0.016116417719084564
2015-08-31,0.0
2015-09-01,0.0
2015-09-02,0.0
2015-09-03,0.0
2015-09-04,0.0
2015-09-08,0.0
2015-09-09,0.0
2015-09-10,0.0
2015-09-11,0.0
2015-09-14,0.0
2015-09-15,0.0
2015-09-16,0.0
2015-09-17,-0.006208573073819057
2015-09-18,0.004289235607178865
2015-09-21,-0.012441427459302878
2015-09-22,0.003976577589595021
2015-09-23,-0.0052771010837171315
2015-09-24,0.010047463508404464
2015-09-25,-0.00584878086041607
2015-09-28,0.0008839371830881546
2015-09-29,0.0
2015-09-30,-0.011873353304469703
2015-10-01,0.0
2015-10-02,0.013450226548669564
2015-10-05,-0.007218762584242144
2015-10-06,-0.0030710535697068275
2015-10-07,0.008394163467652316
2015-10-08,-0.0023783915751689477
2015-10-09,0.00563507021391052
2015-10-12,-0.002583527087103299
2015-10-13,-4.463382892382249e-05
2015-10-14,0.01424680625801833
2015-10-15,0.002201651195782396
2015-10-16,-8.789223165406312e-05
2015-10-19,0.0027715403286023097
2015-10-20,-0.001533097617151813
2015-10-21,0.011801361817119993
2015-10-22,-0.013855220871849806
2015-10-23,0.0002847842607933732
2015-10-26,-0.0029778283637871008
2015-10-27,0.007101758152090459
2015-10-28,-0.0012466376644516865
2015-10-29,-0.007654781951465614
2015-10-30,0.00845490670105624
2015-11-02,-0.010342330900301677
2015-11-03,0.000924477733456941
2015-11-04,-0.0031858283010607336
2015-11-05,0.0040957026145009845
2015-11-06,-0.010030258510295783
2015-11-09,-0.007200333539249267
2015-11-10,-0.0003674234892906414
2015-11-11,-0.009133879542160273
2015-11-12,-0.020098369637172375
2015-11-13,0.014215837823041477
2015-11-16,-0.0021040519942416226
2015-11-17,0.015833610231679725
2015-11-18,0.0031082862873535854
2015-11-19,0.00797192342441534
2015-11-20,-0.005001418098028933
2015-11-23,-0.002418918855656449
2015-11-24,-0.0022522665916957347
2015-11-25,0.0020467195556029753
2015-11-27,-0.0026860816949636534
2015-11-30,0.012792211199818255
2015-12-01,-0.013013495828326409
2015-12-02,-0.013360781432043852
2015-12-03,0.02286839433138363
2015-12-04,-0.004373555733049053
2015-12-07,-0.0021049891063063993
2015-12-08,-0.012346179533039774
2015-12-09,-0.0016277853668002348
2015-12-10,-0.020684228982422392
2015-12-11,0.006877147014752661
2015-12-14,0.004887636744834653
2015-12-15,0.01553401054413866
2015-12-16,-0.01489282641695819
2015-12-17,-0.017624549289670985
2015-12-18,0.008766909533297665
2015-12-21,0.00808998880582872
2015-12-22,0.01294639225947205
2015-12-23,-0.0011919341859435656
2015-12-24,-0.0021768253442205395
2015-12-28,0.009310219479057632
2015-12-29,-0.007132016005564185
2015-12-30,-0.00926487011866138
2015-12-31,-0.013010264337204258
2016-01-04,0.007933268749225154
2016-01-05,-0.015984051765544932
2016-01-06,-0.016234523601806203
2016-01-07,-0.010758368029084989
2016-01-08,0.007816574102157909
2016-01-11,-0.0010511100580543502
2016-01-12,0.0
2016-01-13,0.0
2016-01-14,0.0
2016-01-15,0.0
2016-01-19,0.0
2016-01-20,0.0
2016-01-21,0.0
2016-01-22,-0.0032985551785206725
2016-01-25,0.01926134251284628
2016-01-26,0.008312136720885405
2016-01-27,0.0005796176684332015
2016-01-28,0.017765155097791974
2016-01-29,0.00929674466289776
2016-02-01,-0.011404173865486644
2016-02-02,0.015441523710046631
2016-02-03,-0.0037270061350805645
2016-02-04,0.0047156937692844425
2016-02-05,-0.003910004142235928
2016-02-08,-0.0070461598073237545
2016-02-09,-0.0033006375643790365
2016-02-10,-0.011822096218125112
2016-02-11,0.009186891725591454
2016-02-12,0.0052757860074160445
2016-02-16,0.0005794268732555808
2016-02-17,0.011846619902413303
2016-02-18,-0.007100010049333481
2016-02-19,0.007902751322234423
2016-02-22,-0.0026443268563444873
2016-02-23,0.0059894905342632535
2016-02-24,0.008497647081479974
2016-02-25,-0.019428054890028374
2016-02-26,-0.003894370595884518
2016-02-29,0.004480857406605739
2016-03-01,0.008961851846774794
2016-03-02,0.0036612690215350636
2016-03-03,0.0028616666869180924
2016-03-04,0.006226656953579049
2016-03-07,0.002952899061549226
2016-03-08,0.0020629757063919973
2016-03-09,0.002532728090020451
2016-03-10,0.0022063452248190217
2016-03-11,0.00020067324396991524
2016-03-14,0.0020627145574891557
2016-03-15,0.009800942768307511
2016-03-16,0.008444248370959175
2016-03-17,-0.00788452513616129
2016-03-18,0.0017928115284968431
2016-03-21,-0.004548758402335204
2016-03-22,0.0008131412130387206
2016-03-23,0.005983607138973909
2016-03-24,-0.0014514493187524737
2016-03-28,0.01255243034784035
2016-03-29,-0.0011878472891986192
2016-03-30,0.001131036517507617
2016-03-31,0.0009507118584956955
2016-04-01,0.0025781626477768115
2016-04-04,-0.009674093586026895
2016-04-05,-0.009293358278504736
2016-04-06,-0.011731027203276163
2016-04-07,0.001789626112355923
2016-04-08,-0.004719299326230948
2016-04-11,0.007719484631404361
2016-04-12,-0.00507706895348792
2016-04-13,0.0001819514529802103
2016-04-14,0.0031875152566384606
2016-04-15,0.004157305804984314
2016-04-18,0.007738499299779324
2016-04-19,-0.01165503981785772
2016-04-20,-0.011184137003678447
2016-04-21,0.00692622094785485
2016-04-22,-0.005795962506101499
2016-04-25,0.010625021880907064
2016-04-26,0.006976777037531745
2016-04-27,-0.01028975441027998
2016-04-28,-0.004969901147812129
2016-04-29,0.0038941319999722004
2016-05-02,-0.011652585301605803
2016-05-03,-0.0007563534602579454
2016-05-04,-2.791272388159361e-05
2016-05-05,0.006136328750038262
2016-05-06,0.00445450721687982
2016-05-09,0.004788204002135945
2016-05-10,-0.020531043613164594
2016-05-11,0.006045756833168132
2016-05-12,-0.011225000935393786
2016-05-13,0.009935667001554469
2016-05-16,-0.01128699993859274
2016-05-17,-0.013522145042836137
2016-05-18,-0.003703249265252114
2016-05-19,0.004994355985913311
2016-05-20,-0.004220320293739368
2016-05-23,0.007706708173919068
2016-05-24,0.008884394718769346
2016-05-25,-0.005115725537922147
2016-05-26,0.0017289654581162527
2016-05-27,-0.0010217965332274257
2016-05-31,0.0019321585485549716
2016-06-01,0.0016234608190210512
2016-06-02,-0.000578748864683055
2016-06-03,0.006798876422627954
2016-06-06,0.0019146020652215556
2016-06-07,0.0021779110925477184
2016-06-08,-0.0027389402641942538
2016-06-09,-0.009752442594358871
2016-06-10,-0.0064859507715255334
2016-06-13,0.0017755308444523054
2016-06-14,-0.006233157003069251
2016-06-15,0.0027027898768317094
2016-06-16,0.0004316628588347956
2016-06-17,0.0046145513428464445
2016-06-20,0.005166459205758945
2016-06-21,-0.004761661450613502
2016-06-22,0.014232892675421199
2016-06-23,-0.0328823363230257
2016-06-24,-0.021805675144379172
2016-06-27,0.016288555656584252
2016-06-28,0.011387804299691417
2016-06-29,0.015702897565730022
2016-06-30,0.0030655237200681433
2016-07-01,-0.002841912961983407
2016-07-05,0.0009420275904220042
2016-07-06,-0.013507231710301522
2016-07-07,0.009900607855716526
2016-07-08,-0.0009202859370978317
2016-07-11,-0.002515857117271551
2016-07-12,0.0036631164650536346
2016-07-13,-0.0009438297399570266
2016-07-14,0.0012804874892926445
2016-07-15,0.000810664243036011
2016-07-18,-0.0016751541839869896
2016-07-19,-0.0023477148171472673
2016-07-20,-0.0004567114812191449
2016-07-21,0.011134426751640118
2016-07-22,-0.002575574601630996
2016-07-25,-0.007620705920888222
2016-07-26,-0.0027734744096772554
2016-07-27,-0.001173711692121951
2016-07-28,0.006849329817519874
2016-07-29,-0.002990369188842519
2016-08-01,-0.005877814396025727
2016-08-02,-0.0008103669003033252
2016-08-03,0.0010347660558275447
2016-08-04,0.0021125941346742377
2016-08-05,-0.002239013976498963
2016-08-08,0.0019375466108074852
2016-08-09,-0.0005794523882506608
2016-08-10,0.0011942312192359137
2016-08-11,-0.0011947768538023399
2016-08-12,-0.0014125295341559567
2016-08-15,-0.01388552157942118
2016-08-16,0.001385046975552451
2016-08-17,-0.0020456627150316647
2016-08-18,-0.005811433416752379
2016-08-19,0.0007742932282818419
2016-08-22,0.0005760715200447782
2016-08-23,-0.0033881053821628627
2016-08-24,0.002745037921153286
2016-08-25,-0.005584156124393547
2016-08-26,0.00434745098235848
2016-08-29,-0.002390764351650676
2016-08-30,-0.0008526199369990356
2016-08-31,0.0020706894167161994
2016-09-01,0.004508975534777865
2016-09-02,0.006121618307068494
2016-09-06,0.002715146940040611
2016-09-07,-0.009990265665891096
2016-09-08,-0.02546046307423095
2016-09-09,0.01697537284353201
2016-09-12,-0.0063186739192805375
2016-09-13,0.005766705493721824
2016-09-14,0.01703478732252865
2016-09-15,-0.003284405204448171
2016-09-16,-0.002398768270379724
2016-09-19,-0.00017720008113819574
2016-09-20,0.01093658883005899
2016-09-21,0.005534317629801722
2016-09-22,-0.00961314912507305
2016-09-23,-0.006500261606656288
2016-09-26,0.011491074405840296
2016-09-27,0.003165388272660552
2016-09-28,-0.005624850464662434
2016-09-29,0.00556886068018736
2016-09-30,-0.003841685585038279
2016-10-03,-0.0016277518896182785
2016-10-04,0.0044271805538724784
2016-10-05,0.0022475405545756555
2016-10-06,-0.0023297185107229446
2016-10-07,0.006880562874024118
2016-10-10,-0.011757122815851548
2016-10-11,0.0006023624342152978
2016-10-12,-0.006170727728514014
2016-10-13,0.004644168411705563
2016-10-14,-0.0027258694463946354
2016-10-17,0.006524741801846368
2016-10-18,0.00016269319721695652
2016-10-19,-0.0021496659974555316
2016-10-20,0.003381065471281848
2016-10-21,0.01186760807543857
2016-10-24,-0.00398193505493725
2016-10-25,-0.004631516470785143
2016-10-26,-0.003800090987284796
2016-10-27,-0.00197106888412642
2016-10-28,-0.00041087759380528834
2016-10-31,-0.008193442044580168
2016-11-01,-0.006762536522285978
2016-11-02,-0.009030135176980737
2016-11-03,-0.004686117530879774
2016-11-04,0.02605006739408866
2016-11-07,0.0015094339622641062
2016-11-08,0.027296481476791746
2016-11-09,0.03704564386653697
2016-11-10,0.0038822422006681056
2016-11-11,0.022869547306025417
2016-11-14,0.0005440288599258825
2016-11-15,-0.014163358348870059
2016-11-16,0.012491723462145998
2016-11-17,0.0008442888777864255
2016-11-18,0.0031021663676336075
2016-11-21,0.001031326411915575
2016-11-22,0.004876616020784582
2016-11-23,0.0024630872912167565
2016-11-25,-0.013899614351195352
2016-11-28,0.0023719808061588576
2016-11-29,0.013300733658693664
2016-11-30,0.016588802636042344
2016-12-01,-0.009426414270803419
2016-12-02,0.00919811321148983
2016-12-05,0.009352267409376475
2016-12-06,0.01546338348790988
2016-12-07,0.007538996491299085
2016-12-08,0.002309821270708379
2016-12-09,-0.006411587464286794
2016-12-12,0.004349126085420225
2016-12-13,-0.010081083211486624
2016-12-14,0.009367095787755568
2016-12-15,-0.007300908082957636
2016-12-16,0.0004750011719452
2016-12-19,0.008865611650175114
2016-12-20,-0.0022587920993884123
2016-12-21,-0.0010578257435057076
2016-12-22,0.0011595889264959989
2016-12-23,0.0008035207701662854
2016-12-27,-0.009786180471757427
2016-12-28,-0.002396710382867099
2016-12-29,-0.000270583860317535
2016-12-30,0.009044688770412717
2017-01-03,0.005227074069670613
2017-01-04,-0.006519947320452814
2017-01-05,-0.0018374197563306666
2017-01-06,-0.00898685752617466
2017-01-09,0.0022338304230480554
2017-01-10,0.005157350301002559
2017-01-11,-0.005066104912934154
2017-01-12,0.0035272332229093653
2017-01-13,-0.014792489609396072
2017-01-17,0.003503833450665959
2017-01-18,-0.0034209640542182587
2017-01-19,0.004758763981747868
2017-01-20,-0.0016793992521945303
2017-01-23,0.00012029762333998564
2017-01-24,0.008205684806130042
2017-01-25,0.0019717898718618
2017-01-26,-0.0012564883005724925
2017-01-27,-0.0070256258307714314
2017-01-30,-0.003577078314800675
2017-01-31,-0.0016556514178664495
2017-02-01,-0.0048158763424928286
2017-02-02,0.008923855990736805
2017-02-03,-0.003347462828206482
2017-02-06,-0.0010086248092820802
2017-02-07,0.0007333815931228017
2017-02-08,0.003832348746523496
2017-02-09,0.0032913831588221544
2017-02-10,0.002564310957715444
2017-02-13,0.0029260466620060826
2017-02-14,0.003529339224021461
2017-02-15,0.0005407907690952446
2017-02-16,0.0018673446047028266
2017-02-17,0.0061974783810602955
2017-02-21,0.00038307516449504907
2017-02-22,0.0025066562568972226
2017-02-23,0.0010053858120477022
2017-02-24,0.0003199810315537099
2017-02-27,-0.0002554479528942954
2017-02-28,0.00788167520484831
2017-03-01,-0.002780613758824567
2017-03-02,0.0007210003748424497
2017-03-03,-0.002795789995276897
2017-03-06,-0.0017723686685318962
2017-03-07,-0.0018176875203492638
2017-03-08,0.0016250724352722548
2017-03-09,0.004845070518258396
2017-03-10,6.237202719435689e-05
2017-03-13,-0.0023514195226707656
2017-03-14,0.009678933079641846
2017-03-15,-0.0029651356428083853
2017-03-16,-0.0007239525804396009
2017-03-17,-0.0005944134076583484
2017-03-20,-0.008098020182311077
2017-03-21,0.004059559721201881
2017-03-22,-0.0030535402587996727
2017-03-23,0.0006674385658837442
2017-03-24,-0.0002322888415453618
2017-03-27,0.004236436101763891
2017-03-28,0.0008158563330628315
2017-03-29,-0.0003813280803882256
2017-03-30,-0.0004444629628678321
2017-03-31,-0.0014925420254616813
2017-04-03,0.0005640287034326801
2017-04-04,-0.0009414198059356769
2017-04-05,-0.0005576210362226033
2017-04-06,-0.0012076125720358042
2017-04-07,0.0003241186661931001
2017-04-10,-0.0017672981739869761
2017-04-11,0.000314713358609479
2017-04-12,-0.0035080322927159954
2017-04-13,0.0064820306727619015
2017-04-17,-0.0007835107143596691
2017-04-18,-0.0026264857092447844
2017-04-19,0.0032957179887353164
2017-04-20,-0.0007557004207663829
2017-04-21,0.008008832756103503
2017-04-24,0.002762990950763515
2017-04-25,-0.002067523986742667
2017-04-26,0.003468504041656758
2017-04-27,-0.0002857846027011741
2017-04-28,0.0025758977317304624
2017-05-01,0.0021069234010791843
2017-05-02,-0.0029595674125899385
2017-05-03,0.0007923855257875016
2017-05-04,0.0024424371332984755
2017-05-05,0.0013146983219705854
2017-05-08,-0.0011014326284821529
2017-05-09,0.0020990119098603863
2017-05-10,-0.001642173388225904
2017-05-11,0.003388280792261965
2017-05-12,0.005030030972876234
2017-05-15,0.0012615136521719446
2017-05-16,-0.02100306552163594
2017-05-17,0.005140498206675373
2017-05-18,0.004445780971912943
2017-05-19,0.009407371334452484
2017-05-22,0.0012482212011913788
2017-05-23,0.005226177201299322
2017-05-24,0.007556629326471978
2017-05-25,-0.00058207549335453
2017-05-26,0.003101743167123084
2017-05-30,-0.0005113985484972345
2017-05-31,0.00494334936370342
2017-06-01,0.005258183956003691
2017-06-02,-0.001460330082351
2017-06-05,-0.002616375466861056
2017-06-06,0.002542345057843972
2017-06-07,-0.0010614439455653177
2017-06-08,-0.012738083586828706
2017-06-09,-0.0018522220265290447
2017-06-12,0.0034043308446045843
2017-06-13,0.0020928298908149184
2017-06-14,0.0007184347922964737
2017-06-15,0.0003368963349715875
2017-06-16,0.0038639812619130362
2017-06-19,-0.0019338752461570917
2017-06-20,0.002226649181976583
2017-06-21,0.00338349519906887
2017-06-22,-0.00018532190906447453
2017-06-23,0.00038162077889768707
2017-06-26,-0.008105529738434682
2017-06-27,0.0015139400305567623
2017-06-28,-0.006223529080392643
2017-06-29,-0.0006631278947600335
2017-06-30,0.0012091583902367818
2017-07-03,0.0030632469538099485
2017-07-05,-0.00839707597644455
2017-07-06,0.0039513287069770555
2017-07-07,-0.001234774957955582
2017-07-10,-0.001688902657309523
2017-07-11,0.006061076736894756
2017-07-12,0.0018100558910879396
2017-07-13,0.0038642931286649316
2017-07-14,-0.0019408431316219397
2017-07-17,0.0005890969955557279
2017-07-18,0.005580486516155915
2017-07-19,0.0035530286866879454
2017-07-20,-0.00017272649698055545
2017-07-21,-0.0007411795534058451
2017-07-24,-0.0014634846448921312
2017-07-25,-0.0012631988322725914
2017-07-26,-0.003321033403047559
2017-07-27,0.0006256105609778077
2017-07-28,0.0004157018736110809
2017-07-31,0.0020375248624254832
2017-08-01,0.0005890027089651656
2017-08-02,0.00029552685144238107
2017-08-03,2.4407316515855462e-05
2017-08-04,0.000507814656404055
2017-08-07,-0.0006021945454431016
2017-08-08,-0.001231017750398403
2017-08-09,-0.005480283077705703
2017-08-10,-0.0025117461977597387
2017-08-11,0.006771787066366544
2017-08-14,0.0011481511572319874
2017-08-15,0.0001498363801256886
2017-08-16,-0.011462442709689364
2017-08-17,-0.0007816188948593403
2017-08-18,0.0013572255920339734
2017-08-21,0.007364067752106168
2017-08-22,-0.00042286793401871627
2017-08-23,-0.0006133445456685425
2017-08-24,0.0027551782558514113
2017-08-25,-0.0021123085505550215
2017-08-28,-0.002363099067405342
2017-08-29,0.0027206966843892223
2017-08-30,0.005683364623671557
2017-08-31,-0.0006132150448431484
2017-09-01,-0.0028469113103387392
2017-09-05,0.0003688459349782962
2017-09-06,0.008470758194725753
2017-09-07,0.0007896105717700321
2017-09-08,0.008785056655104824
2017-09-11,-0.005788933010355841
2017-09-12,-0.0033490431257765206
2017-09-13,-0.0004031262684501073
2017-09-14,0.00015578099849647677
2017-09-15,-0.00038857175871315035
2017-09-18,0.001479041243164396
2017-09-19,0.0006976044652146887
2017-09-20,-0.0029017836769965927
2017-09-21,-0.0013258095414664947
2017-09-22,-0.0005233986000703524
2017-09-25,-0.0013707226473903835
2017-09-26,0.0012200905156485688
2017-09-27,0.0018982905929292267
2017-09-28,0.0025080938771718563
2017-09-29,0.0005654580993210083
2017-10-02,0.0011532228637609202
2017-10-03,0.002193199277393684
2017-10-04,0.0022311250556961634
2017-10-05,-0.0054786560285007046
2017-10-06,-0.0007565386506494674
2017-10-09,0.0038063775101398077
2017-10-10,0.0011226657898425303
2017-10-11,-0.0055929229751648865
2017-10-12,-0.001480055803764939
2017-10-13,0.0010068503122021883
2017-10-16,0.0003243028518313663
2017-10-17,-0.0013233191636088772
2017-10-18,0.002311005383108523
2017-10-19,0.0057167105040494375
2017-10-20,-0.0031425509562652654
2017-10-23,0.0037222302366758365
2017-10-24,-0.005709735619223518
2017-10-25,0.007278199530055352
2017-10-26,0.0005377857288704303
2017-10-27,-0.00024277853837122946
2017-10-30,0.00259692319177464
2017-10-31,0.003703802753924677
2017-11-01,-0.003139973000958143
2017-11-02,0.0036920242006910336
2017-11-03,0.004924185703899589
2017-11-06,0.0014966282495227862
2017-11-07,0.00033762300959456256
2017-11-08,-0.002610834770534153
2017-11-09,-0.004386140041019691
2017-11-10,0.00027640966494631484
2017-11-13,-0.005942517474360637
2017-11-14,-0.008526850262983873
2017-11-15,0.003721987453940418
2017-11-16,-0.0028259539314621526
2017-11-17,0.0008438299244552262
2017-11-20,0.006317229530283356
2017-11-21,-0.0008029093482609343
2017-11-22,0.0031168366287983073
2017-11-24,-0.0027225234693553724
2017-11-27,0.007930887359758361
2017-11-28,-0.002312754612949044
2017-11-29,0.00618693580178924
2017-11-30,-0.0005089576198879614
2017-12-01,0.0033600180089408305
2017-12-04,-0.005546070282095082
2017-12-05,-0.002368921021020428
2017-12-06,0.0026103473447597657
2017-12-07,0.004661220182732499
2017-12-08,0.0018137997551410186
2017-12-11,0.0008189682725421962
2017-12-12,-0.003759219597261685
2017-12-13,-0.0017380202973596263
2017-12-14,0.008227631065938249
2017-12-15,0.0047460468089562235
2017-12-18,-0.004810969581065
2017-12-19,-0.002075749183085939
2017-12-20,0.0029538484482689326
2017-12-21,-0.0009912015642167837
2017-12-22,-0.000696315428994719
2017-12-26,-0.0005878291583359012
2017-12-27,0.0014227156130689072
2017-12-28,-0.005116074600095013
2017-12-29,0.008220944470896833
2018-01-02,0.00635467215219857
2018-01-03,0.004412307326558707
2018-01-04,0.006437545309565356
2018-01-05,0.002011507957311815
2018-01-08,0.00011298492988224477
2018-01-09,3.671889303128955e-05
2018-01-10,0.010307022352943162
2018-01-11,0.008856636228562267
2018-01-12,-0.005285206526236198
2018-01-16,0.008507563921963019
2018-01-17,-0.0019210669370086889
2018-01-18,0.0069293633441945895
2018-01-19,0.010398195699984791
2018-01-22,0.003588279692306711
2018-01-23,0.001275449985078249
2018-01-24,-0.001779206842377607
2018-01-25,0.009809139874939045
2018-01-26,-0.003967005977749621
2018-01-29,-0.008567417163915054
2018-01-30,-0.003962353176367549
2018-01-31,-0.008169333682567203
2018-02-01,-0.015453273418052835
2018-02-02,-0.036535041278435945
2018-02-05,0.02134716085751349
2018-02-06,-0.001987692608031485
2018-02-07,-0.03983544903075953
2018-02-08,0.007960232855115833
2018-02-09,0.011758991692389144
2018-02-12,0.00482790393707006
2018-02-13,0.01172142757749336
2018-02-14,0.008668158291084263
2018-02-15,-0.004227782098810247
2018-02-16,-0.004969370377630485
2018-02-20,-0.001157885463160815
2018-02-21,-0.0011726316710414277
2018-02-22,0.013516220699342576
2018-02-23,0.008644708322359085
2018-02-26,-0.019733530086609233
2018-02-27,-0.005353208911031334
2018-02-28,-0.012149671592919895
2018-03-01,0.008942892813456508
2018-03-02,0.009702294716530743
2018-03-05,0.005225684383553442
2018-03-06,-0.004397748723654084
2018-03-07,0.0038149163187314976
2018-03-08,0.017762252282965227
2018-03-09,0.0029613500020437412
2018-03-12,-0.00970942310847204
2018-03-13,-0.001285287464513179
2018-03-14,-1.5757522193782225e-05
2018-03-15,-0.0005769209943929626
2018-03-16,-0.018101622519908368
2018-03-19,0.003719034188369723
2018-03-20,-0.0034914616645588263
2018-03-21,-0.02300750246613304
2018-03-22,-0.024442433354943574
2018-03-23,0.0291085043032826
2018-03-26,-0.02736833225026364
2018-03-27,-0.012364051255439136
2018-03-28,0.0
2018-03-29,-0.02832817351511141
2018-04-02,0.0
2018-04-03,0.0
2018-04-04,0.0
2018-04-05,-0.0214121522075994
2018-04-06,0.0
2018-04-09,0.0
2018-04-10,0.0
2018-04-11,0.0
2018-04-12,0.0
2018-04-13,0.0
2018-04-16,0.010474858752580918
2018-04-17,-0.003906702008649944
2018-04-18,-0.0008154374962596744
2018-04-19,-0.008899744696516554
2018-04-20,0.0
2018-04-23,0.0
2018-04-24,0.0003113408241230964
2018-04-25,0.01031178067147942
2018-04-26,0.0
2018-04-27,-0.0028229894349783846
2018-04-30,-0.0027954189917532997
2018-05-01,0.0006278401687350568
2018-05-02,-0.0013529091529939662
2018-05-03,0.004067980456096873
2018-05-04,-0.00194717320369009
2018-05-07,-0.004104346081279077
2018-05-08,0.01822446925606077
2018-05-09,0.008255092164376804
2018-05-10,-0.002018647839570029
2018-05-11,0.005521864498729527
2018-05-14,0.00012306816774776408
2018-05-15,0.0036912688676387084
2018-05-16,0.013116861017453463
2018-05-17,-0.008055154622533851
2018-05-18,0.009671602447064664
2018-05-21,-0.012789278508441589
2018-05-22,0.0008566834634649601
2018-05-23,-0.01495460037047292
2018-05-24,-0.019575320696229234
2018-05-25,-0.0010819961306013147
2018-05-29,0.02502280451701913
2018-05-30,-0.005406550425024091
2018-05-31,-0.003148662286468023
2018-06-01,-0.007786322234890705
2018-06-04,-0.0038541057813353116
2018-06-05,0.005152548020712977
2018-06-06,0.013162636463826745
2018-06-07,-0.0017035075385398296
2018-06-08,0.0029237839476350886
2018-06-11,-0.006427217531588784
2018-06-12,-0.00887564737629914
2018-06-13,-0.002140967363124413
2018-06-14,-0.01341817001616444
2018-06-15,0.003125829610164389
2018-06-18,-0.002044235572877749
2018-06-19,0.0049736317127388975
2018-06-20,-0.010075576270811838
2018-06-21,0.0036173177950955294
2018-06-22,-0.02183400295802856
2018-06-25,0.007339753823197903
2018-06-26,-0.003387038615041238
2018-06-27,0.001828811964498136
2018-06-28,0.0032757741326617886
2018-06-29,-0.002454000798937296
2018-07-02,-0.0011714734749876238
2018-07-03,0.0032200493422989544
2018-07-05,0.006636076826732812
2018-07-06,-0.0038033716758397846
2018-07-09,0.0037586521400883614
2018-07-10,-0.002775735147431055
2018-07-11,0.004045545587528279
2018-07-12,0.0016564145219769878
2018-07-13,0.00048324655763400164
2018-07-16,0.0013238244856741447
2018-07-17,-0.0011460419650415519
2018-07-18,-0.0005152859794254408
2018-07-19,-0.002101905015314193
2018-07-20,0.0006063146285648379
2018-07-23,0.0024898839210564234
2018-07-24,0.010075774029317034
2018-07-25,-0.006691944313578037
2018-07-26,-0.005546953624759735
2018-07-27,-0.002732197025721728
2018-07-30,0.005350026236637159
2018-07-31,-0.0036833718691255462
2018-08-01,0.00467598482372441
2018-08-02,0.007192434174792706
2018-08-03,0.00201065737694829
2018-08-06,-0.0010178649008027625
2018-08-07,-0.002344465639885113
2018-08-08,0.0010112352258951135
2018-08-09,-0.0033047888740413943
2018-08-10,-0.00042970388465951044
2018-08-13,0.0032530251170698903
2018-08-14,-0.0002159081792339221
2018-08-15,0.0067612630990548026
2018-08-16,0.0029157255342365305
2018-08-17,0.000766663060922353
2018-08-20,-0.001522959779225514
2018-08-21,-0.001679952710194878
2018-08-22,-0.0006711640993690194
2018-08-23,0.0028597666851047795
2018-08-24,0.001485773514389341
2018-08-27,-0.00015519529999515118
2018-08-28,0.004480900504847054
2018-08-29,-0.0011982436256045578
2018-08-30,-2.091612891121932e-05
2018-08-31,-0.002659809557585933
2018-09-04,0.004862183612915016
2018-09-05,0.0011408559827890798
2018-09-06,-0.008324581003740466
2018-09-07,0.00234215114914596
2018-09-10,-0.0010787458469323802
2018-09-11,0.002643454746738637
2018-09-12,0.006226948219386295
2018-09-13,-0.005184853143987759
2018-09-14,1.876124457211853e-05
2018-09-17,0.0016663164052190707
2018-09-18,-0.004939880458638313
2018-09-19,0.007067764641256191
2018-09-20,0.001355005872891653
2018-09-21,-0.0038201342400796326
2018-09-24,-0.002263232513189883
2018-09-25,0.0009831332691391517
2018-09-26,0.004400100330812366
2018-09-27,0.0008225087464253612
2018-09-28,0.003661793799256367
2018-10-01,-0.0019419894288404296
2018-10-02,-0.000683998289113295
2018-10-03,-0.00909305739350261
2018-10-04,-0.0034272686661443686
2018-10-05,-0.0001368344035424612
2018-10-08,-0.0026019740566924727
2018-10-09,-0.026219529897376047
2018-10-10,-0.024733555723965697
2018-10-11,0.01511671884109984
2018-10-12,-0.0069215422522279114
2018-10-15,0.02425935487591497
2018-10-16,0.0036188330245232984
2018-10-17,-0.013601752494743097
2018-10-18,-0.0031377126638692733
2018-10-19,-0.0067155624511898646
2018-10-22,-0.005239166350179977
2018-10-23,-0.012686842018604707
2018-10-24,-0.0108622226492564
2018-10-25,-0.016944484830060027
2018-10-26,0.01350106500258863
2018-10-29,0.0029116643970547593
2018-10-30,-0.00908094088635648
2018-10-31,0.004817451126260735
2018-11-01,-0.002722094564675537
2018-11-02,0.012098044050302681
2018-11-05,0.005515710077847347
2018-11-06,0.005571847321497847
2018-11-07,0.00018441226839767104
2018-11-08,0.0030667791543759464
2018-11-09,-0.007523749011254347
2018-11-12,-0.003652456185825881
2018-11-13,-0.00704167469378955
2018-11-14,-0.0034893585773453717
2018-11-15,0.002234698427068915
2018-11-16,-0.0018850760584122196
2018-11-19,-0.012627683227343395
2018-11-20,-0.013158385082312186
2018-11-21,0.0027435618536022946
2018-11-23,0.00039249643524152944
2018-11-26,0.008947266060466617
2018-11-27,0.007701945127887112
2018-11-28,0.00039989105880235544
2018-11-29,0.00887547238123563
2018-11-30,0.0026392662787150215
2018-12-03,-0.011187158437475388
2018-12-04,-0.00115186161163493
2018-12-06,0.003122594993597218
2018-12-07,0.0030233280425182585
2018-12-10,0.002979132488769798
2018-12-11,-0.005800760332034471
2018-12-12,0.008822112269844418
2018-12-13,-0.002578183620304375
2018-12-14,-0.03266068060446294
2018-12-17,-0.006427548573234613
2018-12-18,-0.0021806291723209014
2018-12-19,0.002731742973398177
2018-12-20,-0.007046796685079154
2018-12-21,-0.0426547057692694
2018-12-24,0.0
2018-12-26,0.0
2018-12-27,0.0
2018-12-28,0.0
2018-12-31,0.0
2019-01-02,0.0
2019-01-03,0.0
2019-01-04,0.0
2019-01-07,0.0
2019-01-08,-0.004290808491328568
2019-01-09,0.01549276348398565
2019-01-10,0.0023743431571054963
2019-01-11,-0.003023842607919436
2019-01-14,0.010615664578784267
2019-01-15,0.005502231460536855
2019-01-16,0.004676116910771471
2019-01-17,0.0031193781099245754
2019-01-18,-0.003884501086842341
2019-01-22,-0.005115368612552039
2019-01-23,-0.003915586226564679
2019-01-24,0.012215454769761616
2019-01-25,0.004739297784126122
2019-01-28,0.008307858818092822
2019-01-29,0.008315762706438079
2019-01-30,0.009479571715333757
2019-01-31,-0.006667350912822709
2019-02-01,0.006523060591731646
2019-02-04,0.006011137243397379
2019-02-05,-0.007609022843451219
2019-02-06,0.007996598981732772
2019-02-07,0.0009800117618501414
2019-02-08,0.00223965534185088
2019-02-11,-0.006808493306885105
2019-02-12,0.004997778426483439
2019-02-13,0.0030922698599192703
2019-02-14,0.00647154128620896
2019-02-15,0.000665065799170912
2019-02-19,7.61866720450856e-05
2019-02-20,-0.0007536622605138323
2019-02-21,0.006341101253225165
2019-02-22,-0.0025692133877591185
2019-02-25,-0.002719289821099208
2019-02-26,0.0017834921052942865
2019-02-27,-0.0008545196277094322
2019-02-28,0.0010886370547137877
2019-03-01,-0.002159537676582019
2019-03-04,-0.004243293912055282
2019-03-05,-0.008580510094899109
2019-03-06,-0.0064110735528032335
2019-03-07,-0.0023673937017657065
2019-03-08,0.008899276896372488
2019-03-11,0.0015916108799437956
2019-03-12,0.0017744009625075626
2019-03-13,-0.0012023368380757943
2019-03-14,-0.0006862438968971284
2019-03-15,0.001961434317697793
2019-03-18,-0.004400820879291817
2019-03-19,-0.00314166553546445
2019-03-20,0.018098665148280287
2019-03-21,-0.012304778032744036
2019-03-22,-0.0001333616713485786
2019-03-25,0.007324935095795573
2019-03-26,-0.004902087478883222
2019-03-27,0.003599826845057959
2019-03-28,0.0009499852628841687
2019-03-29,0.0029331240445493166
2019-04-01,0.005601284068067924
2019-04-02,0.0013839995330649365
2019-04-03,-0.0032198996784724688
2019-04-04,0.006530253336675345
2019-04-05,-0.002895327224126291
2019-04-08,-0.003706305389371226
2019-04-09,0.0037999303257337633
2019-04-10,0.0004273415629582203
2019-04-11,0.005876554578175828
2019-04-12,-0.0023141307633372334
2019-04-15,-0.01048738638549726
2019-04-16,0.0019330833524056612
2019-04-17,0.0022571293621473296
2019-04-18,-0.0004308416470254988
2019-04-22,0.005624322740708036
2019-04-23,0.0008457529883633521
2019-04-24,0.0013986862586963275
2019-04-25,-0.00028318102188621303
2019-04-26,-0.0010301080925370248
2019-04-29,0.0009863296333256235
2019-04-30,-0.0073022600124336475
2019-05-01,-0.004244374900491059
2019-05-02,0.00893801528979694
2019-05-03,-0.006395969495633364
2019-05-06,-0.016210253417513566
2019-05-07,-0.003866422333636936
2019-05-08,-0.004843075825235026
2019-05-09,0.003759480624250524
2019-05-10,-0.019048468553939848
2019-05-13,-0.0008022022999737716
2019-05-14,0.007203059279263562
2019-05-15,0.007934088830909375
2019-05-16,-0.0027968147600492157
2019-05-17,-0.005742260543970208
2019-05-20,0.000257564144216971
2019-05-21,0.004647080330996265
2019-05-22,-0.0013960463106191066
2019-05-23,-0.002208249291001759
2019-05-24,-0.013537955891666668
2019-05-28,-0.010068296457931468
2019-05-29,0.0031196629302172076
2019-05-30,-0.008996459770951577
2019-05-31,0.007749220112245707
2019-06-03,0.0013703746164916621
2019-06-04,0.013495701798641367
2019-06-05,0.005425588238766613
2019-06-06,0.0071063400803326624
2019-06-07,0.0008385197669810467
2019-06-10,0.0034022194484425094
2019-06-11,0.0008984442902624982
2019-06-12,0.0013684679437459453
2019-06-13,0.0014519125972901417
2019-06-14,-0.0009459046647198909
2019-06-17,0.0005459271014951873
2019-06-18,0.002394677860676898
2019-06-19,0.005817450611653485
2019-06-20,-0.004968732531137103
2019-06-21,-0.00033551002486938955
2019-06-24,-0.008035615696625214
2019-06-25,-0.015552757737735375
2019-06-26,0.0014524476571934348
2019-06-27,0.0028775455429990446
2019-06-28,0.019627958289826605
2019-07-05,-0.0006806431405686487
2019-07-08,-0.001898116058464344
2019-07-09,0.0017726434934832824
2019-07-10,0.0022063186015621604
2019-07-11,0.001344798196764375
2019-07-12,0.002660820291506197
2019-07-15,-0.003123937766570779
2019-07-16,-0.0015038619969487239
2019-07-17,0.005662591536501681
2019-07-18,-0.01124580661686338
2019-07-19,-0.002494542676235969
2019-07-22,0.003008005680715907
2019-07-23,-0.00278408170148741
2019-07-24,-0.002444606920838872
2019-07-25,0.009993639174351353
2019-07-26,0.002423486752210478
2019-07-29,-0.0005550558128956957
2019-07-30,-0.01848992424783894
2019-07-31,-0.00208747967647061
2019-08-01,0.0010053727437975832
2019-08-02,-0.019009786593130216
2019-08-05,0.009519247137877267
2019-08-06,0.006499460146921397
2019-08-07,0.014392578174375083
2019-08-08,-0.0017241433140001898
2019-08-09,-0.00891927221590344
2019-08-12,0.004455904672625649
2019-08-13,-0.02002459180693169
2019-08-14,0.012805583959760362
2019-08-15,0.0051478869402135155
2019-08-16,0.008867574411248679
2019-08-19,-0.008225876306459086
2019-08-20,0.006600224749165628
2019-08-21,0.00011898599441288044
2019-08-22,-0.021559393917976063
2019-08-23,0.010996766895794654
2019-08-26,-0.00154722521257658
2019-08-27,0.0002661662423457047
2019-08-28,0.002881599945153612
2019-08-29,0.00017679362169066505
2019-08-30,0.008835327839095342
2019-09-03,0.006014128168960539
2019-09-04,-0.0078556781014473
2019-09-05,-0.0009432849784336797
2019-09-06,-0.005871118687692467
2019-09-09,-0.0019583422549657404
2019-09-10,0.009615603709438068
2019-09-11,0.0020274334074406883
2019-09-12,-0.004667298751225016
2019-09-13,-0.0003495282862569914
2019-09-16,0.006706272871886272
2019-09-17,0.0035513979671838495
2019-09-18,0.0019630580068609235
2019-09-19,0.001139197510956211
2019-09-20,0.0014285082231211817
2019-09-23,0.0052547524670101126
2019-09-24,-0.0003589827213608878
2019-09-25,0.005159985663382821
2019-09-26,-0.004119017606260329
2019-09-27,0.000609161668792435
2019-09-30,-0.003044232791649115
2019-10-01,-0.012946930778985233
2019-10-02,0.00269140020784997
2019-10-03,0.014138194905411005
2019-10-04,-0.004462201654039606
2019-10-07,-0.009979165385849732
2019-10-08,0.005026020357899976
2019-10-09,-0.0006472210490763468
2019-10-10,-0.0032210511317264734
2019-10-11,-0.0029490637007072375
2019-10-14,-0.0004513768858038351
2019-10-15,0.0009907144661894392
2019-10-16,0.0038202146771359902
2019-10-17,0.0064442539767676135
2019-10-18,0.005552489975468274
2019-10-21,-0.0006906202762303865
2019-10-22,0.0033151971790158176
2019-10-23,0.0030044204914500884
2019-10-24,-0.0111682363359238
2019-10-25,-0.013043637638386332
2019-10-28,-0.002484814110215013
2019-10-29,0.007144867679030002
2019-10-30,0.0017118184616340295
2019-10-31,0.0014922546011448044
2019-11-01,-0.005401081843662823
2019-11-04,-0.0020487760702124222
2019-11-05,0.003275653719055991
2019-11-06,0.0012929923819079152
2019-11-07,-4.358396779051001e-05
2019-11-08,-0.002508366293347489
2019-11-11,0.00031755088616518707
2019-11-12,-0.005735978478730641
2019-11-13,0.0009559176724150311
2019-11-14,0.0043808617736375965
2019-11-15,0.0005992369421581971
2019-11-18,0.0018300179945174772
2019-11-19,-0.003763787965933536
2019-11-20,-0.0010936587123545564
2019-11-21,0.005788824837356376
2019-11-22,0.007435575578867516
2019-11-25,-0.000822639576105718
2019-11-26,0.004282556531937019
2019-11-27,-0.00282989692350668
2019-11-29,-0.005616376630252556
2019-12-02,-0.004937082113152785
2019-12-03,0.008328246518589854
2019-12-04,0.0007609804131070042
2019-12-05,0.006798631610529387
2019-12-06,-0.00645024354507941
2019-12-09,0.0002625867884816091
2019-12-10,0.002395466013611674
2019-12-11,0.008844290421316611
2019-12-12,6.3831299919277e-06
2019-12-13,0.009302947817216594
2019-12-16,-0.0012067644834196246
2019-12-17,0.000270361752345976
2019-12-18,0.004601273585716275
2019-12-19,0.007382924523345011
2019-12-20,0.003193235445196653
2019-12-23,-0.0006344629285858367
2019-12-24,0.0011372033934609182
2019-12-26,0.00024394949204663234
2019-12-27,-0.0059232453798859904
2019-12-30,0.0031804205870827767
2019-12-31,0.006207188322388226
2020-01-02,-0.008497604208999825
2020-01-03,0.003327814710443632
2020-01-06,-0.003487054014148579
2020-01-07,0.00716971215484788
2020-01-08,0.006929586730476986
2020-01-09,-0.0011569119467805724
2020-01-10,0.00443717613147329
2020-01-13,-0.0006674192108969998
2020-01-14,0.00469206987880003
2020-01-15,0.008624749416471879
2020-01-16,0.004484108577181043
2020-01-17,0.0004613660555031902
2020-01-21,0.0023116690257204693
2020-01-22,0.0006346596296243836
2020-01-23,-0.006853553401393856
2020-01-24,-0.017062392746240447
2020-01-27,0.012395658992952995
2020-01-28,0.0019914082371741593
2020-01-29,0.007562920565485898
2020-01-30,-0.017012606315647782
2020-01-31,0.007188331966528176
2020-02-03,0.005306403958560549
2020-02-04,0.005305028944639675
2020-02-05,0.002758948793939058
2020-02-06,-0.00560115429473614
2020-02-07,0.007209254581163668
2020-02-10,0.0018512056998305647
2020-02-11,0.004403600371977552
2020-02-12,0.0041803853091653565
2020-02-13,0.0047321278344992
2020-02-14,0.003944453903223507
2020-02-18,-0.0027933875802194537
2020-02-19,-0.0011052834764201677
2020-02-20,-0.010121377624970894
2020-02-21,-0.021087601038959094
2020-02-24,-0.02347107187629281
2020-02-25,-0.009051147317907862
2020-02-26,-0.04770618433944321
2020-02-27,-0.0332070314424211
2020-02-28,0.057040868861007565
2020-03-02,-0.03636457269340678
2020-03-03,0.04946819291117651
2020-03-04,-0.01803329582457423
2020-03-05,-0.007703362100119904
2020-03-06,-0.056408245529311674
2020-03-09,0.0
2020-03-10,-0.05097550872161016
2020-03-11,0.0
2020-03-12,0.0
2020-03-13,0.0
2020-03-16,0.0
2020-03-17,0.0
2020-03-18,0.0
2020-03-19,0.0
2020-03-20,0.0
2020-03-23,0.0
2020-03-24,0.0
2020-03-25,0.0
2020-03-26,0.0
2020-03-27,0.0
2020-03-30,0.0
2020-03-31,0.0
2020-04-01,0.0
2020-04-02,0.0
2020-04-03,0.0
2020-04-06,0.0
2020-04-07,0.0
2020-04-08,0.0
2020-04-09,0.0
2020-04-13,0.0
2020-04-14,0.0
2020-04-15,0.0
2020-04-16,0.0
2020-04-17,0.0
2020-04-20,0.0
2020-04-21,0.0
2020-04-22,0.0
2020-04-23,0.0
2020-04-24,0.0
2020-04-27,-0.02129607631077679
2020-04-28,0.0
2020-04-29,0.0
2020-04-30,0.0
2020-05-01,0.0
2020-05-04,0.0
2020-05-05,0.0
2020-05-06,0.0
2020-05-07,0.0
2020-05-08,0.0
2020-05-11,0.0
2020-05-12,0.0
2020-05-13,0.0
2020-05-14,0.0
2020-05-15,0.0
2020-05-18,-0.012073835462453553
2020-05-19,0.006509575397586957
2020-05-20,-0.0139829912148548
2020-05-21,0.004195703424338948
2020-05-22,-0.001621877498256209
2020-05-26,0.012856155932936097
2020-05-27,-0.010456548207047223
2020-05-28,0.006770117339177428
2020-05-29,0.009129118932298619
2020-06-01,0.006337472444296166
2020-06-02,0.014634119439221658
2020-06-03,-0.0036676937115933273
2020-06-04,0.022149631196346067
2020-06-05,0.028076876914225835
2020-06-08,-0.018190637417845493
2020-06-09,-0.01068744805307437
2020-06-10,-0.052507481956807704
2020-06-11,0.015056586853339642
2020-06-12,0.006090634938531627
2020-06-15,0.020680629050788296
2020-06-16,-0.017603378578658815
2020-06-17,-0.0014475245778534929
2020-06-18,-0.004471080847594511
2020-06-19,0.011021112578150971
2020-06-22,0.010162602142181657
2020-06-23,-0.020566181216977588
2020-06-24,0.003063773586122393
2020-06-25,-0.023274322852548775
2020-06-26,0.013264344096027836
2020-06-29,0.017280065346045426
2020-06-30,0.017556994889143317
2020-07-01,0.003916272280187982
2020-07-02,0.0321487715173272
2020-07-06,-0.017237944950758366
2020-07-07,0.015406796950145105
2020-07-08,0.007243390581384856
2020-07-09,0.00806183264719327
2020-07-10,-0.017817543618636043
2020-07-13,0.006733988264617427
2020-07-14,0.006257896025819078
2020-07-15,-0.0066073908148606975
2020-07-16,-0.0009952589732674186
2020-07-17,0.017316330524907764
2020-07-20,-0.005474499872263115
2020-07-21,0.005569822819999831
2020-07-22,-0.02382628365345915
2020-07-23,-0.0007838823179641598
2020-07-24,0.010977697537560817
2020-07-27,-0.014255638226304584
2020-07-28,0.01027041156565329
2020-07-29,-0.001701540445109161
2020-07-30,0.01120465557103874
2020-07-31,-0.005594230759689605
2020-08-03,0.006031564354988892
2020-08-04,0.011911625766384071
2020-08-05,0.005695965316584681
2020-08-06,-0.005794280342346933
2020-08-07,0.008476265043758896
2020-08-10,-0.0034770552770693524
2020-08-11,0.012655444716414627
2020-08-12,-0.002207508470636714
2020-08-13,0.00028094579765032264
2020-08-14,0.006907477878205087
2020-08-17,0.009003656384308176
2020-08-18,-0.0067006303411802715
2020-08-19,0.003671742723799609
2020-08-20,0.005752800964481931
2020-08-21,0.011618316718352017
2020-08-24,0.005270606492438289
2020-08-25,0.0166081958328748
2020-08-26,-0.003946636929076902
2020-08-27,0.007489816569671933
2020-08-28,0.0021262496812902293
2020-08-31,0.015258944300446109
2020-09-01,0.010989739055995804
2020-09-02,-0.041217232439290416
2020-09-03,-0.008005111395217987
2020-09-04,-0.020771327032554777
2020-09-08,0.021515986363367313
2020-09-09,-0.014628279937371935
2020-09-10,0.004697928757558986
2020-09-11,0.010907111995141296
2020-09-14,0.00688371885301534
2020-09-15,-0.0035214617606381515
2020-09-16,0.0017611650773854196
2020-09-17,-0.01556538476429803
2020-09-18,-0.0324668736147819
2020-09-21,0.011622805990560064
2020-09-22,-0.02115457252925794
2020-09-23,0.003083732717569919
2020-09-24,0.010174893450279771
2020-09-25,0.016669151019228723
2020-09-28,-0.007503994180195867
2020-09-29,0.00027724693450951196
2020-09-30,0.0023605701063722177
2020-10-01,0.0038026710035453707
2020-10-02,0.016042701357867038
2020-10-05,-0.014075728342421379
2020-10-06,0.01994645287837732
2020-10-07,0.010007130013107325
2020-10-08,0.0059593356602989
2020-10-09,0.013410134662577343
2020-10-12,-0.0056822847716663195
2020-10-13,-0.004512542826287333
2020-10-14,0.002114720231896029
2020-10-15,-0.0014954120004659695
2020-10-16,-0.014097348616164065
2020-10-19,0.005254029796201327
2020-10-20,-0.008364612487360106
2020-10-21,0.00441100967068253
2020-10-22,0.004003398232888006
2020-10-23,-0.023049638586866247
2020-10-26,-0.010937372201270813
2020-10-27,-0.03152242027487677
2020-10-28,0.002758290055300705
2020-10-29,-0.011239282925030056
2020-10-30,0.02891513193338796
2020-11-02,0.014953559820324697
2020-11-03,-0.01599039682080406
2020-11-04,0.012591741674155443
2020-11-05,-0.0006424579143329535
2020-11-06,0.014986108773893536
2020-11-09,0.011824273413558548
2020-11-10,-0.002246027712980993
2020-11-11,-0.0168093620569598
2020-11-12,0.012099284835005008
2020-11-13,0.014538326079110497
2020-11-16,-0.013871132856041756
2020-11-17,-0.01222580832392153
2020-11-18,-0.003556194652255787
2020-11-19,-0.0062743706551674746
2020-11-20,0.008625271071517069
2020-11-23,0.017280332163305386
2020-11-24,-0.0044581911190677915
2020-11-25,-0.003764158631422502
2020-11-27,-0.010550746535418423
2020-11-30,-0.001659316248155592
2020-12-01,0.002892626128392326
2020-12-02,-1.2552583522038724e-05
2020-12-03,0.008657675566750136
2020-12-04,-0.003360819518139037
2020-12-07,0.0005696415127568214
2020-12-08,-0.0036529742085276897
2020-12-09,-0.0030042521707491407
2020-12-10,-0.0002102839564632143
2020-12-11,-0.009949585551089317
2020-12-14,0.011293653110010586
2020-12-15,-0.001030997805535075
2020-12-16,0.0002023063297827742
2020-12-17,-0.004804791767144058
2020-12-18,0.0012672384583376512
2020-12-21,-0.009750661669884295
2020-12-22,0.009095762294817369
2020-12-23,0.0010415680196131957
2020-12-24,0.004158227891825118
2020-12-28,-0.003674978150271164
2020-12-29,-1.2591161210408252e-05
2020-12-30,0.007464946449190242
2020-12-31,-0.013894808910772967
2021-01-04,0.004668922405260566
2021-01-05,0.013645043527030653
2021-01-06,0.01308724813721951
2021-01-07,-0.001624521225740359
2021-01-08,0.0038606929876501173
2021-01-11,0.011288586279065878
2021-01-12,-0.005675942716690246
2021-01-13,0.01654558664835719
2021-01-14,-0.03423470597594598
2021-01-15,0.016825829305339032
2021-01-19,0.007322519643475373
2021-01-20,-0.01802401697301926
2021-01-21,-0.004082125257242719
2021-01-22,-0.0016954694013186422
2021-01-25,-0.007504967217877708
2021-01-26,-0.022973253607995046
2021-01-27,0.007478431068555924
2021-01-28,-0.025857436588360008
2021-01-29,0.016705439352947514
2021-02-01,0.012070492212429378
2021-02-02,0.017198064061100724
2021-02-03,0.012842186700094054
2021-02-04,0.002104048885703134
2021-02-05,0.017594071655173064
2021-02-08,-0.007376844986464291
2021-02-09,0.006737130737541514
2021-02-10,-0.00011551057276425886
2021-02-11,0.007545361710600877
2021-02-12,0.005134427706716341
2021-02-16,-0.0017014104125427903
2021-02-17,-0.010516725608060174
2021-02-18,0.005364366016197634
2021-02-19,-0.004439953718158238
2021-02-22,0.003785782896469888
2021-02-23,0.021071377706678454
2021-02-24,-0.02475666729955522
2021-02-25,-0.021322412975698368
2021-02-26,0.02638815443279984
2021-03-01,-0.007606677859325332
2021-03-02,0.008781590028180644
2021-03-03,0.004166682930290248
2021-03-04,0.03685021697893481
2021-03-05,0.002920343426135127
2021-03-08,-0.015842811438497986
2021-03-09,0.021246586309782434
2021-03-10,-0.0005194388781107063
2021-03-11,0.006547288021192833
2021-03-12,-0.0054127149333130275
2021-03-15,-0.01601477839835206
2021-03-16,0.005618701190192083
2021-03-17,-0.022888849638808054
2021-03-18,-0.008416931316988476
2021-03-19,-0.005370085815243231
2021-03-22,-0.006465901886680934
2021-03-23,0.007614098965255414
2021-03-24,0.0045957819923855055
2021-03-25,0.025418619021624372
2021-03-26,-0.007595459419136537
2021-03-29,-0.006707954989064539
2021-03-30,-0.006843226556509377
2021-03-31,0.017818668695395796
2021-04-01,-0.0018590010242652243
2021-04-05,0.0007907847535989806
2021-04-06,0.002855766201100172
2021-04-07,-0.005165251325303183
2021-04-08,0.0021933139396925773
2021-04-09,0.001257740725348466
2021-04-12,0.001927190609508416
2021-04-13,-0.004823755550736827
2021-04-14,0.012004921172724971
2021-04-15,0.002870154187424299
2021-04-16,9.335810264714749e-05
2021-04-19,-0.0019016366352368579
2021-04-20,0.007842472905817483
2021-04-21,-0.006513878211366495
2021-04-22,0.011196387213580326
2021-04-23,0.002006939058464502
2021-04-26,0.0037230845391650123
2021-04-27,0.0018329223981647489
2021-04-28,0.014210674545477552
2021-04-29,-0.00452471172656034
2021-04-30,0.0005761765948633798
2021-05-03,0.00018278341699267474
2021-05-04,-0.0022142799745926284
2021-05-05,0.010124588253496178
2021-05-06,0.007468981505928757
2021-05-07,0.0003582702134575332
2021-05-10,-0.014356599917636121
2021-05-11,-0.023082551943742646
2021-05-12,0.015816928708469832
2021-05-13,0.012851542386215341
2021-05-14,0.0032387756537602006
2021-05-17,-0.009034346063974569
2021-05-18,-0.009563958072444895
2021-05-19,0.005254869463440786
2021-05-20,0.0023062045585532276
2021-05-21,0.0047698023376142595
2021-05-24,-0.0035380600374860763
2021-05-25,0.0013687833380116553
2021-05-26,-0.00028500429447482
2021-05-27,0.0031557911626347484
2021-05-28,0.01334972688529255
2021-06-01,0.007560418613825537
2021-06-02,-0.0010299416777872802
2021-06-03,0.0015187356306024672
2021-06-04,0.0034015851100054643
2021-06-07,0.001933332107049398
2021-06-08,-0.0010028022829372781
2021-06-09,0.005842407319449938
2021-06-10,-0.004798001325784976
2021-06-11,0.002379138460370426
2021-06-14,-0.006383020494144317
2021-06-15,-0.007251354083282752
2021-06-16,-0.006381183258635913
2021-06-17,-0.015413896457337482
2021-06-18,0.01712938341369786
2021-06-21,-0.0006405527377100062
2021-06-22,-0.00309867063791162
2021-06-23,0.000690555558546893
2021-06-24,0.005042950228788267
2021-06-25,-0.0021688135736667464
2021-06-28,-0.0009883239386359681
2021-06-29,-0.002538154856806009
2021-06-30,0.00785148971147123
2021-07-01,0.005726220156700072
2021-07-02,-0.0018856431652138745
2021-07-06,0.003080852639575569
2021-07-07,-0.00291232694719092
2021-07-08,0.00951187398057277
2021-07-09,0.005577760108534687
2021-07-12,-0.009491791155069281
2021-07-13,0.0018416277362464538
2021-07-14,-0.0021962017341598705
2021-07-15,-0.0007553808697096882
2021-07-16,-0.014937712969931238
2021-07-19,0.017215365978009982
2021-07-20,-0.0018278169735347007
2021-07-21,-0.0007436913312273718
2021-07-22,0.01031242417197071
2021-07-23,-0.0036084258811557523
2021-07-26,0.0006224940591239546
2021-07-27,-0.0011274659093343895
2021-07-28,0.0018215249103518808
2021-07-29,0.0011324964505218934
2021-07-30,-0.0006159083055937169
2021-08-02,0.008190535196117312
2021-08-03,-0.0005841320856388707
2021-08-04,0.0033569009082138725
2021-08-05,-0.0015620085941606891
2021-08-06,-0.003194953714731331
2021-08-09,-0.007456658755494741
2021-08-10,-0.0009109180565797998
2021-08-11,0.005273973640929217
2021-08-12,0.005612434440836122
2021-08-13,0.004447054708365664
2021-08-16,-0.003100378476233285
2021-08-17,-0.013470609607598657
2021-08-18,0.007895912559663737
2021-08-19,0.008238072245964428
2021-08-20,0.004778211350317218
2021-08-23,-0.002431849760207338
2021-08-24,-0.0014825344501855921
2021-08-25,-0.005115211001507739
2021-08-26,0.005027822797635282
2021-08-27,0.008921410714415
2021-08-30,-0.004077368122228502
2021-08-31,0.0005756244707536195
2021-09-01,0.0021382455467100266
2021-09-02,0.0019362458877728566
2021-09-03,-0.0020403443719280603
2021-09-07,-0.0026369299799982393
2021-09-08,-0.007256353662282281
2021-09-09,-0.009919427839704157
2021-09-10,-0.00032483519148515156
2021-09-13,-0.004601793864795494
2021-09-14,0.006388633364351168
2021-09-15,-0.002094867116087685
2021-09-16,-0.011669600883907815
2021-09-17,-0.013297351596768052
2021-09-20,0.00042736173937045724
2021-09-21,0.00454769236044951
2021-09-22,0.005467096136927693
2021-09-23,-0.003385720990196521
2021-09-24,-0.011421046002051733
2021-09-27,-0.02302860985613736
2021-09-28,0.0005516297026673112
2021-09-29,-0.01622310353134848
2021-09-30,0.015914189609247842
2021-10-01,-0.007941699757982939
2021-10-04,0.010941347364242541
2021-10-05,0.0015599651102529144
2021-10-06,0.0041729961640686345
2021-10-07,0.01631538623904868
2021-10-08,-0.004074925568900339
2021-10-11,-0.0002617548341586083
2021-10-12,-0.0007550054136495467
2021-10-13,0.012200623240306002
2021-10-14,0.0024476160287135867
2021-10-15,-0.0006504300071183723
2021-10-18,0.010787335857229605
2021-10-19,0.008260787953554567
2021-10-20,-0.00969124069271338
2021-10-21,0.010075815594436342
2021-10-22,0.0058280173477311915
2021-10-25,0.0050774175784044
2021-10-26,-0.016642639786483913
2021-10-27,0.010593326521365482
2021-10-28,-0.004692706876102012
2021-10-29,0.014798700843195903
2021-11-01,-0.006966001184337142
2021-11-02,0.007999878111304572
2021-11-03,0.008018691025238387
2021-11-04,0.008524338886791258
2021-11-05,-0.008275281370263047
2021-11-08,-0.0064156721739543655
2021-11-09,-0.015436906474945368
2021-11-10,-0.00022573494289274089
2021-11-11,0.001045597716212388
2021-11-12,0.003912951368162928
2021-11-15,0.0076410095973008805
2021-11-16,-0.0035559153897449674
2021-11-17,0.008100343697163705
2021-11-18,-0.008563653344244769
2021-11-19,-0.0023392379676466673
2021-11-22,0.0022642322036365275
2021-11-23,0.004513222940932599
2021-11-24,-0.03220984718582849
2021-11-26,0.012689364428932396
2021-11-29,-0.017675949767022768
2021-11-30,-0.015587656865145872
2021-12-01,0.01995005647661673
2021-12-02,-0.012868420122577962
2021-12-03,0.013605403049800522
2021-12-06,0.0232084507227436
2021-12-07,0.001519387564973846
2021-12-08,-0.013697615078479487
2021-12-09,0.00883249257568142
2021-12-10,-0.018617942465677557
2021-12-13,-0.008267924487344551
2021-12-14,0.009510951823245161
2021-12-15,-0.005146827125143111
2021-12-16,-0.01494595125717443
2021-12-17,-0.009430889527916871
2021-12-20,0.003983662307066471
2021-12-21,0.00882569522020116
2021-12-22,0.0020500834570678795
2021-12-23,0.015131109695061136
2021-12-27,0.0008124501001676371
2021-12-28,0.0038400387621299395
2021-12-29,-0.0011637785018111897
2021-12-30,0.0
