,portfolio_value
2011-11-02,100000.0
2011-11-03,100000.0
2011-11-04,100000.0
2011-11-07,100000.0
2011-11-08,100000.0
2011-11-09,100000.0
2011-11-10,100000.0
2011-11-11,100000.0
2011-11-14,100000.0
2011-11-15,100000.0
2011-11-16,100000.0
2011-11-17,100000.0
2011-11-18,100000.0
2011-11-21,100000.0
2011-11-22,100000.0
2011-11-23,100000.0
2011-11-25,100000.0
2011-11-28,100000.0
2011-11-29,100000.0
2011-11-30,100000.0
2011-12-01,100000.0
2011-12-02,100000.0
2011-12-05,100000.0
2011-12-06,100000.0
2011-12-07,100000.0
2011-12-08,100000.0
2011-12-09,100000.0
2011-12-12,100000.0
2011-12-13,100000.0
2011-12-14,100000.0
2011-12-15,100000.0
2011-12-16,100000.0
2011-12-19,100000.0
2011-12-20,100000.0
2011-12-21,100000.0
2011-12-22,100000.0
2011-12-23,100000.0
2011-12-27,100000.0
2011-12-28,100000.0
2011-12-29,100000.0
2011-12-30,100000.0
2012-01-03,99433.1952421538
2012-01-04,99197.47989494096
2012-01-05,98735.19306054678
2012-01-06,98835.5666212503
2012-01-09,99508.49360141746
2012-01-10,99136.90189399717
2012-01-11,99520.90511569087
2012-01-12,98840.85759456377
2012-01-13,99669.33984113278
2012-01-17,99997.13080375986
2012-01-18,100356.95969455934
2012-01-19,100141.87026510762
2012-01-20,99827.22968110321
2012-01-23,99864.63031903197
2012-01-24,100642.90078809457
2012-01-25,100469.32762316718
2012-01-26,100347.85995006876
2012-01-27,100117.4845871146
2012-01-30,99991.36052243596
2012-01-31,100895.0949432507
2012-02-01,100428.47668853623
2012-02-02,101626.21859937243
2012-02-03,101378.43472022403
2012-02-06,101376.62383229153
2012-02-07,101593.30122784595
2012-02-08,101666.53427871063
2012-02-09,100457.34668113268
2012-02-10,101478.92691030253
2012-02-13,100966.77307720667
2012-02-14,100344.689378725
2012-02-15,101049.72865685144
2012-02-16,101159.4660762348
2012-02-17,101014.11961011699
2012-02-21,100309.31273735693
2012-02-22,100688.7649668861
2012-02-23,100877.1432614574
2012-02-24,101151.02959538624
2012-02-27,101889.72078179805
2012-02-28,101450.79909816981
2012-02-29,102061.01424103334
2012-03-01,101862.569074903
2012-03-02,101268.34052408313
2012-03-05,99968.72470510422
2012-03-06,100707.39728524079
2012-03-07,101797.42685789916
2012-03-08,102333.22328754576
2012-03-09,102113.2866595267
2012-03-12,104024.10403270186
2012-03-13,104463.03874036434
2012-03-14,104724.03655749031
2012-03-15,104823.72977084928
2012-03-16,105872.28352939204
2012-03-19,105562.19384261499
2012-03-20,105966.3753982982
2012-03-21,105190.07966438092
2012-03-22,105166.55219091146
2012-03-23,106950.89020764639
2012-03-26,107066.37128251443
2012-03-27,106814.03435473696
2012-03-28,106570.24168807418
2012-03-29,106486.84173101741
2012-03-30,107376.45392297936
2012-04-02,107263.11343749877
2012-04-03,105770.44136753136
2012-04-04,106245.18966120823
2012-04-05,105522.37404481566
2012-04-09,104442.43180629665
2012-04-10,104478.78273070081
2012-04-11,105629.29927738976
2012-04-12,104123.79017541102
2012-04-13,103441.60666949245
2012-04-16,105180.057551703
2012-04-17,104429.73022843547
2012-04-18,103441.70699918484
2012-04-19,103760.93294481463
2012-04-20,102432.3288982263
2012-04-23,101948.1979101035
2012-04-24,102984.76426521999
2012-04-25,103896.07567676571
2012-04-26,104045.89659298072
2012-04-27,103747.5780325888
2012-04-30,104545.66315830163
2012-05-01,104454.14730319049
2012-05-02,104052.27867077473
2012-05-03,103092.7740175009
2012-05-04,103444.75730550046
2012-05-07,103128.66588691922
2012-05-08,102920.99205093923
2012-05-09,103334.15122177449
2012-05-10,104100.21086888372
2012-05-11,103411.94154737989
2012-05-14,103302.38649410968
2012-05-15,103016.26897432661
2012-05-16,103226.69967481197
2012-05-17,102972.6155484408
2012-05-18,102912.79257492903
2012-05-21,102815.56027154857
2012-05-22,102058.31420727132
2012-05-23,103187.79199968897
2012-05-24,103344.36462592604
2012-05-25,104160.9449322901
2012-05-29,103819.94961163412
2012-05-30,104240.04571414352
2012-05-31,102896.55154630155
2012-06-01,103441.40895726012
2012-06-04,103568.29293576162
2012-06-05,104635.62852621342
2012-06-06,104236.73510177665
2012-06-07,104885.49114048474
2012-06-08,105167.85896563432
2012-06-11,105207.96389304583
2012-06-12,105265.81173071986
2012-06-13,106370.37578752055
2012-06-14,106736.56193681236
2012-06-15,107166.09364645256
2012-06-18,107175.78617611033
2012-06-19,105760.03682560763
2012-06-20,105149.06213811865
2012-06-21,105715.27247382356
2012-06-22,105080.5793427277
2012-06-25,105620.42544076209
2012-06-26,105707.96471024005
2012-06-27,105211.89896837647
2012-06-28,107149.2967384253
2012-06-29,108562.03221572429
2012-07-02,108491.8942717567
2012-07-03,107861.00480418537
2012-07-05,107003.21295581876
2012-07-06,107272.84801537686
2012-07-09,107010.81592499666
2012-07-10,107018.09058354788
2012-07-11,106271.2609012817
2012-07-12,107671.56497095172
2012-07-13,107992.43087636496
2012-07-16,108952.18100295919
2012-07-17,109474.87490465482
2012-07-18,107761.09905730316
2012-07-19,107384.46902726748
2012-07-20,107120.46578311698
2012-07-23,104988.548561144
2012-07-24,106010.05589886422
2012-07-25,108799.17559210338
2012-07-26,110466.70452036355
2012-07-27,111091.90467981332
2012-07-30,111504.60081239617
2012-07-31,110995.95701651894
2012-08-01,109778.46079579878
2012-08-02,110287.13041908595
2012-08-03,110817.28111541604
2012-08-06,110151.00710024106
2012-08-07,109921.74447232466
2012-08-08,110136.67545303534
2012-08-09,110315.3807242739
2012-08-10,110591.28291724503
2012-08-13,110387.77105822464
2012-08-14,110351.79336035588
2012-08-15,109908.11750332805
2012-08-16,110101.26739618882
2012-08-17,109463.15554432706
2012-08-20,108597.5842899121
2012-08-21,108495.40614836279
2012-08-22,107817.6962008083
2012-08-23,108572.88154634599
2012-08-24,108535.25701246581
2012-08-27,108636.96923542701
2012-08-28,108315.81548654471
2012-08-29,107605.7901449813
2012-08-30,107826.33908996204
2012-08-31,107865.80516424922
2012-09-04,107993.84548388573
2012-09-05,109510.25924979447
2012-09-06,109493.78747722562
2012-09-07,108848.09304751974
2012-09-10,108864.72129538046
2012-09-11,109340.90435293008
2012-09-12,111057.03494718904
2012-09-13,110707.2767154753
2012-09-14,110006.15138748215
2012-09-17,108861.28044781028
2012-09-18,108261.43193180942
2012-09-19,108344.47992751126
2012-09-20,108717.17075492417
2012-09-21,108283.35984389737
2012-09-24,107177.70166719818
2012-09-25,106742.53747746802
2012-09-26,107004.7670168699
2012-09-27,106473.88328761738
2012-09-28,106731.64290592624
2012-10-01,106540.23136195097
2012-10-02,106465.62083658746
2012-10-03,106940.46349818853
2012-10-04,106786.84821730053
2012-10-05,106352.91610646436
2012-10-08,104912.16516135102
2012-10-09,103928.91562313009
2012-10-10,104544.31178828707
2012-10-11,103017.94356559755
2012-10-12,104370.46382697874
2012-10-15,105086.18430684222
2012-10-16,105632.09771535215
2012-10-17,105706.32733766378
2012-10-18,104146.766912144
2012-10-19,103585.00408764773
2012-10-22,102502.1992708487
2012-10-23,102999.38415612071
2012-10-24,103002.39981806543
2012-10-25,102533.53611770849
2012-10-26,102358.60151451254
2012-10-31,103191.2702683018
2012-11-01,102812.81936125326
2012-11-02,102535.48693257051
2012-11-05,103584.32567202697
2012-11-06,100786.75690350131
2012-11-07,98972.07090969592
2012-11-08,99519.21673764952
2012-11-09,99243.26259299088
2012-11-12,99448.12589924171
2012-11-13,97501.69958840717
2012-11-14,97147.04274948133
2012-11-15,97958.62795629023
2012-11-16,98728.87825414195
2012-11-19,99550.07744411702
2012-11-20,99463.89781039685
2012-11-21,100726.98617706279
2012-11-23,99941.43413235158
2012-11-26,99458.2978759955
2012-11-27,99764.77834211542
2012-11-28,100586.98120253516
2012-11-29,100461.81345998227
2012-11-30,100215.43389375141
2012-12-03,100336.32555331204
2012-12-04,100459.15627589772
2012-12-05,100381.57655460299
2012-12-06,100730.67543609248
2012-12-07,101165.00217251435
2012-12-10,102147.40189870381
2012-12-11,102619.20333992159
2012-12-12,101031.43215426234
2012-12-13,100663.03636607996
2012-12-14,101199.46755070129
2012-12-17,102971.28138125033
2012-12-18,102776.79583651086
2012-12-19,103662.70341363357
2012-12-20,102562.29815820779
2012-12-21,102468.0881258804
2012-12-24,102181.65032320884
2012-12-26,101033.91931256707
2012-12-27,100970.9829561708
2012-12-28,101614.20232809408
2012-12-31,105058.56396640376
2013-01-02,104936.67074057105
2013-01-03,105788.27929179906
2013-01-04,105642.0848767405
2013-01-07,105449.43450821162
2013-01-08,105678.97058161427
2013-01-09,106136.77820048526
2013-01-10,105895.99910318521
2013-01-11,105774.43249495841
2013-01-14,106235.63466559618
2013-01-15,105979.50333383921
2013-01-16,106275.40184813486
2013-01-17,106753.09603640268
2013-01-18,107089.96397852224
2013-01-22,107038.31179917103
2013-01-23,107586.70280611518
2013-01-24,108323.86572033037
2013-01-25,107970.18416224164
2013-01-28,107944.57701297855
2013-01-29,107096.371507378
2013-01-30,106453.77381380345
2013-01-31,107512.25573660106
2013-02-01,106230.4262636097
2013-02-04,107442.98656182636
2013-02-05,107511.51499478937
2013-02-06,107123.13195942975
2013-02-07,107532.17951112209
2013-02-08,107799.9646176063
2013-02-11,108460.39199486737
2013-02-12,108426.9811524022
2013-02-13,108514.88138562288
2013-02-14,108453.35641812716
2013-02-15,109372.42325413077
2013-02-19,108803.90782702588
2013-02-20,107186.05301335406
2013-02-21,107789.929499484
2013-02-22,105847.90399582368
2013-02-25,106052.64256694562
2013-02-26,107714.50244677745
2013-02-27,108175.33012111123
2013-02-28,107678.59551540975
2013-03-01,107758.93727133735
2013-03-04,108951.28487762249
2013-03-05,109267.46009083974
2013-03-06,109569.39132146248
2013-03-07,109815.34923878896
2013-03-08,110609.78198571407
2013-03-11,109791.39055149817
2013-03-12,110265.05062409844
2013-03-13,110344.4702424464
2013-03-14,110430.58087720111
2013-03-15,109983.27398480689
2013-03-18,109575.45130475063
2013-03-19,110629.58186843875
2013-03-20,110046.97479946533
2013-03-21,110857.46514637738
2013-03-22,110722.699655744
2013-03-25,111616.59078299897
2013-03-26,111991.49060358411
2013-03-27,112529.77548458602
2013-03-28,112950.6566643697
2013-04-01,114260.53804696494
2013-04-02,113282.96039330315
2013-04-03,113822.81354158217
2013-04-04,113594.43669273097
2013-04-05,114149.17041342525
2013-04-08,114398.50458197163
2013-04-09,115395.488511664
2013-04-10,115780.66091190815
2013-04-11,115954.90343391977
2013-04-12,114589.8392734929
2013-04-15,115573.15791399016
2013-04-16,114770.71256389089
2013-04-17,114899.77417535499
2013-04-18,116734.31302811168
2013-04-19,116735.8925425926
2013-04-22,117574.9809742112
2013-04-23,115989.34446863
2013-04-24,116054.48053766771
2013-04-25,115979.63379701717
2013-04-26,116711.71781207203
2013-04-29,116967.11839027324
2013-04-30,116026.31963923485
2013-05-01,115814.49203994399
2013-05-02,115910.25409739431
2013-05-03,114866.17703020212
2013-05-06,115488.4385199007
2013-05-07,114968.91423251545
2013-05-08,114150.95863613008
2013-05-09,114456.56215111555
2013-05-10,114569.31018994565
2013-05-13,115413.9459679225
2013-05-14,116383.48213033035
2013-05-15,115833.33248685492
2013-05-16,116095.20863986255
2013-05-17,115657.52677367177
2013-05-20,116218.32101284486
2013-05-21,114873.03160529236
2013-05-22,114080.42672942534
2013-05-23,113915.08057191384
2013-05-24,114792.6651739039
2013-05-28,113612.90419897274
2013-05-29,114684.3681621289
2013-05-30,113060.11916234902
2013-05-31,112468.53857250718
2013-06-03,111767.13800622766
2013-06-04,109964.94709246838
2013-06-05,111013.17566380369
2013-06-06,112481.00086645046
2013-06-07,112704.46296932679
2013-06-10,111865.11492527487
2013-06-11,110535.24155459747
2013-06-12,111784.58130890784
2013-06-13,111528.58217748847
2013-06-14,112130.01152617292
2013-06-17,112983.7639400125
2013-06-18,112202.91104328274
2013-06-19,107989.79600310342
2013-06-20,108178.27565814137
2013-06-21,106451.77706476617
2013-06-24,107826.40805690056
2013-06-25,109048.07084781636
2013-06-26,110232.36236235285
2013-06-27,110119.09239961038
2013-06-28,110391.34359971827
2013-07-01,110199.64936845092
2013-07-02,110771.98254678083
2013-07-03,111855.05938785266
2013-07-05,113005.98912521344
2013-07-08,113774.65078970903
2013-07-09,113451.2202530009
2013-07-10,114539.75302304621
2013-07-11,115486.8504649077
2013-07-12,115538.26461074068
2013-07-15,115207.38990374024
2013-07-16,115493.85566279688
2013-07-17,116077.52845789112
2013-07-18,115605.675983953
2013-07-19,115940.75771664652
2013-07-22,115761.21931582704
2013-07-23,115051.81707496122
2013-07-24,115053.68182000333
2013-07-25,114707.37327295699
2013-07-26,114360.42025884464
2013-07-29,114249.83048449195
2013-07-30,114323.00537754789
2013-07-31,115562.69972605589
2013-08-01,115755.94641072216
2013-08-02,115509.8280621682
2013-08-05,114756.10297080775
2013-08-06,113996.14684614056
2013-08-07,114360.47963074221
2013-08-08,114045.03278187366
2013-08-09,113831.82769107507
2013-08-12,113885.69485151143
2013-08-13,112892.298798818
2013-08-14,110916.1081247354
2013-08-15,110671.21506786052
2013-08-16,110198.98428758941
2013-08-19,110512.27785644108
2013-08-20,109689.22289489169
2013-08-21,110930.92138940985
2013-08-22,110969.77925852973
2013-08-23,110895.6084623633
2013-08-26,108854.78293521862
2013-08-27,109447.29569487834
2013-08-28,109670.73888221018
2013-08-29,108991.51764673924
2013-08-30,109800.14847401205
2013-09-03,110927.69323520597
2013-09-04,111097.33592413276
2013-09-05,111088.259317631
2013-09-06,111608.94035418601
2013-09-09,112522.69315888763
2013-09-10,113260.35062094299
2013-09-11,112723.71274481782
2013-09-12,113121.26632291233
2013-09-13,113896.61347176954
2013-09-16,114090.56132263433
2013-09-17,115685.12464390168
2013-09-18,115485.9065844137
2013-09-19,114246.0248722494
2013-09-20,113710.70634970206
2013-09-23,113428.10861722719
2013-09-24,113290.17623842534
2013-09-25,113800.46271697101
2013-09-26,112770.04382674689
2013-09-27,112297.9352075142
2013-09-30,113017.44442133397
2013-10-01,113052.30960972008
2013-10-02,112006.94424337012
2013-10-03,113572.49610371643
2013-10-04,112260.20187023931
2013-10-07,110401.82136528121
2013-10-08,110617.71864164065
2013-10-09,112903.64344776653
2013-10-10,113521.69978426659
2013-10-11,114005.348639423
2013-10-14,113355.40752529642
2013-10-15,114392.63388859571
2013-10-16,115590.90435864279
2013-10-17,116097.64941105105
2013-10-18,116324.35459315986
2013-10-21,116866.74846057766
2013-10-22,116138.9109457795
2013-10-23,116743.92106277942
2013-10-24,117027.3680572166
2013-10-25,116440.69737762571
2013-10-28,116793.41635469517
2013-10-29,116198.82136332837
2013-10-30,115995.90013583911
2013-10-31,116548.4801047227
2013-11-01,116940.71534834402
2013-11-04,116664.82456665402
2013-11-05,117120.00483534846
2013-11-06,115778.96798507405
2013-11-07,117376.60285530133
2013-11-08,117377.88234816906
2013-11-11,117102.77282954637
2013-11-12,117730.56762565792
2013-11-13,118285.75257808714
2013-11-14,118636.17094490964
2013-11-15,118457.020514916
2013-11-18,117779.77759576739
2013-11-19,117338.28273231944
2013-11-20,118085.36377173637
2013-11-21,119120.6151692251
2013-11-22,118929.66793223043
2013-11-25,119001.81866750168
2013-11-26,119379.28019178232
2013-11-27,119025.24056850046
2013-11-29,118554.9608832597
2013-12-02,117817.22133458685
2013-12-03,117586.8735281146
2013-12-04,117250.85188253432
2013-12-05,118455.54974962804
2013-12-06,118744.3345218798
2013-12-09,118439.21825025721
2013-12-10,117277.7218508407
2013-12-11,116460.85693634785
2013-12-12,116156.13115614394
2013-12-13,117284.44150311667
2013-12-16,117276.7577040965
2013-12-17,118547.15143259816
2013-12-18,118582.60038232486
2013-12-19,119472.29497113643
2013-12-20,120604.6254861503
2013-12-23,120991.25944183233
2013-12-24,121553.50353617624
2013-12-26,121375.98792525718
2013-12-27,121289.07184468851
2013-12-30,121991.54682555325
2013-12-31,120552.86240724837
2014-01-02,120323.36346118509
2014-01-03,119800.69032678597
2014-01-06,120673.71069425727
2014-01-07,120779.13748105185
2014-01-08,120720.32164022917
2014-01-09,120987.97697901305
2014-01-10,119706.17745833128
2014-01-13,121434.22860362659
2014-01-14,122272.83615444358
2014-01-15,122211.59409336098
2014-01-16,121719.69590867369
2014-01-17,122335.76757669402
2014-01-21,122365.6287001938
2014-01-22,121724.10781114515
2014-01-23,119089.7210856954
2014-01-24,117954.88302625275
2014-01-27,118010.63689187377
2014-01-28,116946.38809714737
2014-01-29,118944.59441106612
2014-01-30,118272.77975226307
2014-01-31,115807.28492779078
2014-02-03,116993.19941815191
2014-02-04,116260.32927389456
2014-02-05,116954.79240924136
2014-02-06,118870.2650971204
2014-02-07,119708.56858754244
2014-02-10,121263.57816978643
2014-02-11,121332.71756503772
2014-02-12,122349.20004393028
2014-02-13,122679.32564359588
2014-02-14,123134.10219823284
2014-02-18,122522.20667853075
2014-02-19,122984.54417038079
2014-02-20,122718.57135534783
2014-02-21,122970.1047815398
2014-02-24,122681.44699786288
2014-02-25,122354.90885077782
2014-02-26,122176.48715706087
2014-02-27,122794.00671680896
2014-02-28,122374.69024648416
2014-03-03,124149.9598353808
2014-03-04,123884.11311900937
2014-03-05,123657.37122601736
2014-03-06,123051.45230445935
2014-03-07,123080.73402872584
2014-03-10,122566.12450663958
2014-03-11,122577.1930986642
2014-03-12,121973.30026624801
2014-03-13,122201.61766710391
2014-03-14,122946.73760563042
2014-03-17,123154.84654725908
2014-03-18,121473.28486028277
2014-03-19,121517.65638407397
2014-03-20,121244.26729930933
2014-03-21,121033.92257826921
2014-03-24,121559.72192864312
2014-03-25,120856.78522870076
2014-03-26,121705.28561540745
2014-03-27,122074.83763076262
2014-03-28,123259.18704935985
2014-03-31,122457.51364974238
2014-04-01,122280.24041818999
2014-04-02,122573.29251589408
2014-04-03,123248.89173095739
2014-04-04,123048.18990580761
2014-04-07,124708.48486341472
2014-04-08,124356.56756781723
2014-04-09,123856.79740345788
2014-04-10,123728.29636017098
2014-04-11,124534.34673850825
2014-04-14,126187.32041684417
2014-04-15,127127.70955405672
2014-04-16,125696.5220380055
2014-04-17,125653.70167974874
2014-04-21,125627.48833602695
2014-04-22,125830.09722432173
2014-04-23,126297.81679716505
2014-04-24,126940.5357204893
2014-04-25,127527.43144860915
2014-04-28,127361.77777617652
2014-04-29,127541.88310266528
2014-04-30,127502.48469926829
2014-05-01,126534.50373574176
2014-05-02,127086.24419598245
2014-05-05,126799.24024735784
2014-05-06,128085.79926617534
2014-05-07,126793.60335933491
2014-05-08,126496.98684143205
2014-05-09,126864.07426331607
2014-05-12,126827.14857786248
2014-05-13,126578.81260281701
2014-05-14,125504.61117640139
2014-05-15,126156.39638717228
2014-05-16,125893.9573114994
2014-05-19,124773.35167724753
2014-05-20,125132.30360356609
2014-05-21,125182.94346133732
2014-05-22,125330.13731645844
2014-05-23,125495.23722459715
2014-05-27,125623.70704125134
2014-05-28,126063.7404515037
2014-05-29,126321.72800552899
2014-05-30,126154.55805845861
2014-06-02,125904.18979247879
2014-06-03,125804.68755047265
2014-06-04,126479.88739769127
2014-06-05,126782.64581726729
2014-06-06,126589.82174037758
2014-06-09,126442.22758097117
2014-06-10,126515.68930520194
2014-06-11,126586.51054853236
2014-06-12,127591.57404009285
2014-06-13,127986.2902871406
2014-06-16,127807.16714514581
2014-06-17,128733.34976554534
2014-06-18,129516.13735771841
2014-06-19,130352.60670010671
2014-06-20,130631.57064480953
2014-06-23,128805.80872568252
2014-06-24,129283.22554254236
2014-06-25,129260.99599303505
2014-06-26,129467.46513701919
2014-06-27,129548.84623508112
2014-06-30,129623.4228025551
2014-07-01,129327.92251103105
2014-07-02,129737.03364667368
2014-07-03,129317.30406446944
2014-07-07,128750.78072616906
2014-07-08,129362.28064110095
2014-07-09,128869.81487123264
2014-07-10,128713.60811305263
2014-07-11,129493.89437662817
2014-07-14,129048.41688660535
2014-07-15,130101.25791208433
2014-07-16,128568.16247419262
2014-07-17,130011.8314429527
2014-07-18,129770.34481378405
2014-07-21,130678.28383724666
2014-07-22,130878.99135786056
2014-07-23,130854.85887354777
2014-07-24,130325.8736524841
2014-07-25,130551.555945236
2014-07-28,130292.30740888642
2014-07-29,130225.2252845808
2014-07-30,127575.83325515794
2014-07-31,127058.61589932661
2014-08-01,127871.11675609666
2014-08-04,126673.26266107912
2014-08-05,126406.76517998555
2014-08-06,125834.00498217726
2014-08-07,126711.04934559947
2014-08-08,127438.9255220411
2014-08-11,127180.390798752
2014-08-12,128630.1832216322
2014-08-13,128783.32064916473
2014-08-14,128928.06243081376
2014-08-15,130270.38649329054
2014-08-18,131156.73524155215
2014-08-19,131157.2625248432
2014-08-20,131671.18406897163
2014-08-21,131584.9124003826
2014-08-22,131685.59923038085
2014-08-25,131861.34011739405
2014-08-26,131800.84676464845
2014-08-27,131531.07146780056
2014-08-28,132101.0107793603
2014-08-29,132226.0883083391
2014-09-02,132117.56945891216
2014-09-03,131655.50650852625
2014-09-04,132732.0351525066
2014-09-05,132669.3074778297
2014-09-08,132022.13110663387
2014-09-09,131353.60586313996
2014-09-10,131137.1538812355
2014-09-11,130112.2149127616
2014-09-12,129447.6215081063
2014-09-15,130473.2271327625
2014-09-16,130657.76141709695
2014-09-17,131567.57626278503
2014-09-18,131233.49423634942
2014-09-19,130313.25661895603
2014-09-22,129773.53506805353
2014-09-23,131439.4387042875
2014-09-24,129190.12624245624
2014-09-25,129582.84008220173
2014-09-26,129359.2476277567
2014-09-29,128591.13771073203
2014-09-30,127011.43192205908
2014-10-01,126728.73638909073
2014-10-02,129222.69403749969
2014-10-03,128718.00005034827
2014-10-06,126680.17025768732
2014-10-07,129867.85719721488
2014-10-08,127287.1833874161
2014-10-09,126366.25817687488
2014-10-10,123483.90653697668
2014-10-13,123705.1610019041
2014-10-14,122058.82607615093
2014-10-15,122098.16231874606
2014-10-16,122098.16231874606
2014-10-17,123801.88527860785
2014-10-20,124276.4157314137
2014-10-21,124552.57213642584
2014-10-22,124615.80470241906
2014-10-23,125710.09506811746
2014-10-24,125745.2167771958
2014-10-27,126455.09515421423
2014-10-28,125941.0385419345
2014-10-29,128478.64420993182
2014-10-30,128732.66048033147
2014-10-31,129267.50225877477
2014-11-03,128792.74898994336
2014-11-04,130502.94546202372
2014-11-05,129002.80265619162
2014-11-06,129480.58891524919
2014-11-07,130109.5053919489
2014-11-10,129803.73790160957
2014-11-11,128583.16207354885
2014-11-12,128792.07694236754
2014-11-13,128010.9586201003
2014-11-14,128878.70293644059
2014-11-17,129334.32922553769
2014-11-18,129729.08349512126
2014-11-19,129177.191889618
2014-11-20,129745.02452557381
2014-11-21,129578.97508746547
2014-11-24,129752.44607776505
2014-11-25,130202.02352109025
2014-11-26,131611.7206179846
2014-11-28,130856.4599247807
2014-12-01,131344.22495482312
2014-12-02,130477.04922006441
2014-12-03,130437.40669194682
2014-12-04,130274.34843556373
2014-12-05,130806.5622501919
2014-12-08,130940.14802099096
2014-12-09,130927.42866703839
2014-12-10,130770.38103356962
2014-12-11,129547.1621015946
2014-12-12,128424.54507382141
2014-12-15,127636.62885504511
2014-12-16,130160.7696118136
2014-12-17,131479.82194859645
2014-12-18,131663.07942971078
2014-12-19,133518.61761658205
2014-12-22,133144.56018892216
2014-12-23,132602.47395821047
2014-12-24,133190.90655116233
2014-12-26,133844.8507755652
2014-12-29,132701.09652589165
2014-12-30,130584.94447343245
2014-12-31,131921.69635854493
2015-01-02,131871.9757788638
2015-01-05,132985.5126660078
2015-01-06,134955.51753150305
2015-01-07,135994.10450038553
2015-01-08,135600.6129521676
2015-01-09,135974.70722638312
2015-01-12,135564.01029786005
2015-01-13,135981.53753303582
2015-01-14,136052.21285831387
2015-01-15,137074.5318695644
2015-01-16,136323.8191587941
2015-01-20,136166.414333177
2015-01-21,138385.14765591884
2015-01-22,138173.22647264742
2015-01-23,139083.74700864524
2015-01-26,138894.19769713137
2015-01-27,137750.5596848138
2015-01-28,137976.00070466186
2015-01-29,135369.14473779398
2015-01-30,135568.37376896624
2015-02-02,136705.76664001725
2015-02-03,136098.39041050812
2015-02-04,137605.64504221335
2015-02-05,134388.6747847731
2015-02-06,133885.67214259072
2015-02-09,134788.99053245666
2015-02-10,134427.63798452378
2015-02-11,135780.31025049146
2015-02-12,135450.34193290496
2015-02-13,135180.14100159708
2015-02-17,135791.30745486455
2015-02-18,133885.9303052276
2015-02-19,135024.1258376468
2015-02-20,135393.47912019532
2015-02-23,134181.14803493844
2015-02-24,135164.457058101
2015-02-25,134577.91151954178
2015-02-26,134408.14004382232
2015-02-27,135974.56527242233
2015-03-02,135634.02496060336
2015-03-03,134780.21950242296
2015-03-04,134963.5613431152
2015-03-05,133291.18607058778
2015-03-06,134001.2270302692
2015-03-09,131784.07128384162
2015-03-10,131156.656189554
2015-03-11,133460.32258109606
2015-03-12,132436.75014266671
2015-03-13,133883.73276328132
2015-03-16,133223.44020433276
2015-03-17,134394.68641991421
2015-03-18,134158.65679556978
2015-03-19,135398.97624668054
2015-03-20,135016.1344959652
2015-03-23,133893.7485730515
2015-03-24,131483.89212628617
2015-03-25,131125.79500526615
2015-03-26,132096.88254707324
2015-03-27,133401.06082761212
2015-03-30,131539.3427047717
2015-03-31,130753.10786521329
2015-04-01,131928.47109055502
2015-04-02,132550.1852106601
2015-04-06,131858.16856000002
2015-04-07,133073.04938698284
2015-04-08,133193.88861446656
2015-04-09,133629.45893718142
2015-04-10,132924.2118819232
2015-04-13,132825.34158723164
2015-04-14,132829.73999448225
2015-04-15,133059.98863890945
2015-04-16,131105.36371777885
2015-04-17,132470.2565050745
2015-04-20,132453.31687654246
2015-04-21,132644.17704792516
2015-04-22,133210.3121705533
2015-04-23,134462.7165875942
2015-04-24,133495.38304700746
2015-04-27,133236.80355987677
2015-04-28,132416.6407951522
2015-04-29,130625.07645122781
2015-04-30,132133.70759623588
2015-05-01,132239.12992210698
2015-05-04,130522.13622409059
2015-05-05,129914.10299992621
2015-05-06,130509.70631452472
2015-05-07,132202.79696896818
2015-05-08,132144.40327689328
2015-05-11,131483.87751276555
2015-05-12,131326.59030560506
2015-05-13,133181.73796565627
2015-05-14,133455.6542978336
2015-05-15,134188.69110730066
2015-05-18,134831.21191118134
2015-05-19,135024.20439463356
2015-05-20,134965.05971961457
2015-05-21,134614.86898921456
2015-05-22,133312.16023208905
2015-05-26,134823.4312040022
2015-05-27,134913.7052521519
2015-05-28,134589.97071706885
2015-05-29,135055.33376776427
2015-06-01,134272.46787467087
2015-06-02,134172.02253272376
2015-06-03,133120.3671038922
2015-06-04,132562.81693308175
2015-06-05,131758.39484645112
2015-06-08,131758.58652854964
2015-06-09,133431.39098902128
2015-06-10,133365.2961529235
2015-06-11,132685.02667062744
2015-06-12,132007.76125471707
2015-06-15,132766.66859597393
2015-06-16,132810.8736249892
2015-06-17,134006.38910785143
2015-06-18,132836.52862823659
2015-06-19,133731.96776707162
2015-06-22,134139.66960871892
2015-06-23,132998.98352063604
2015-06-24,132757.24552262353
2015-06-25,132557.99987438196
2015-06-26,129454.61554745612
2015-06-29,129990.46077049567
2015-06-30,131107.4414374448
2015-07-01,130690.05196349022
2015-07-02,130446.31695333365
2015-07-06,130631.39582616999
2015-07-07,128374.84843420505
2015-07-08,129025.42461306845
2015-07-09,130817.2977086549
2015-07-10,132207.06457104447
2015-07-13,132382.62063370546
2015-07-14,132347.07154717643
2015-07-15,133599.41629388763
2015-07-16,133313.01198539595
2015-07-17,133519.52993930757
2015-07-20,133375.2335325618
2015-07-21,133909.82374841388
2015-07-22,133091.10540779814
2015-07-23,129746.57299002778
2015-07-24,128932.83722856801
2015-07-27,130661.52560969251
2015-07-28,131261.6469511321
2015-07-29,131448.60048011696
2015-07-30,131888.4731779066
2015-07-31,131662.54848045003
2015-08-03,131949.99028630985
2015-08-04,130615.66800576003
2015-08-05,128398.28318394988
2015-08-06,127985.0795433993
2015-08-07,128815.5482725819
2015-08-10,127541.78424162234
2015-08-11,126958.38498055343
2015-08-12,126864.27905788262
2015-08-13,127216.02436745865
2015-08-14,128028.57739734593
2015-08-17,127978.75341585267
2015-08-18,127832.5794079973
2015-08-19,125622.15893369706
2015-08-20,124101.41048487436
2015-08-21,119484.72598424989
2015-08-24,119484.72598424989
2015-08-25,119484.72598424989
2015-08-26,119484.72598424989
2015-08-27,119484.72598424989
2015-08-28,117559.06022923737
2015-08-31,117559.06022923737
2015-09-01,117559.06022923737
2015-09-02,117559.06022923737
2015-09-03,117559.06022923737
2015-09-04,117559.06022923737
2015-09-08,117559.06022923737
2015-09-09,117559.06022923737
2015-09-10,117559.06022923737
2015-09-11,117559.06022923737
2015-09-14,117559.06022923737
2015-09-15,117559.06022923737
2015-09-16,117559.06022923737
2015-09-17,116829.18621331464
2015-09-18,117330.29411877852
2015-09-21,115870.53777572105
2015-09-22,116331.30595953431
2015-09-23,115717.41389878503
2015-09-24,116880.08039222
2015-09-25,116196.4744150581
2015-09-28,116299.18479933732
2015-09-29,116299.18479933732
2015-09-30,114918.32348919298
2015-10-01,114918.32348919298
2015-10-02,116464.00097471592
2015-10-05,115623.2750020685
2015-10-06,115268.18973063219
2015-10-07,116235.76975785148
2015-10-08,115959.31558232613
2015-10-09,116612.75446758955
2015-10-12,116311.48225772078
2015-10-13,116306.29083091981
2015-10-14,117963.28402297667
2015-10-15,118222.99802830427
2015-10-16,118212.60714517473
2015-10-19,118540.2381532268
2015-10-20,118358.5043965775
2015-10-21,119755.29593109469
2015-10-22,118096.05985539564
2015-10-23,118129.69175450417
2015-10-26,117777.92180779217
2015-10-27,118614.35212412692
2015-10-28,118466.48300522444
2015-10-29,117559.64790926244
2015-10-30,118553.60376414425
2015-11-02,117327.48316459222
2015-11-03,117435.94981030043
2015-11-04,117061.81903783284
2015-11-05,117541.26943612433
2015-11-06,116362.30011805166
2015-11-09,115524.45274580747
2015-11-10,115482.00634828121
2015-11-11,114427.20761300901
2015-11-12,112127.4072978533
2015-11-13,113721.39233551768
2015-11-16,113482.11661318621
2015-11-17,115278.9482159054
2015-11-18,115637.26818986544
2015-11-19,116559.11963688364
2015-11-20,115976.1587464414
2015-11-23,115695.62182924303
2015-11-24,115435.04444539154
2015-11-25,115671.30760825981
2015-11-27,115360.60502626076
2015-11-30,116836.32224989549
2015-12-01,115315.87325769948
2015-12-02,113775.16307945807
2015-12-03,116377.01837387659
2015-12-04,115868.03699797236
2015-12-07,115624.13604232253
2015-12-08,114196.61970039141
2015-12-09,114010.73211390506
2015-12-10,111652.50802440742
2015-12-11,112420.35873665712
2015-12-14,112969.82861288592
2015-12-15,114724.70312172802
2015-12-16,113016.12803239906
2015-12-17,111024.26971336428
2015-12-18,111997.60944194176
2015-12-21,112903.66884860666
2015-12-22,114365.36403305425
2015-12-23,114229.04804597537
2015-12-24,113980.39135914271
2015-12-28,115041.57381900519
2015-12-29,114221.09547322274
2015-12-30,113162.85185885211
2015-12-31,111690.57324301654
2016-01-04,112576.6445773084
2016-01-05,110777.21366279337
2016-01-06,108978.7983730424
2016-01-07,107806.36435277777
2016-01-08,108649.0407884255
2016-01-11,108534.83868885483
2016-01-12,108534.83868885483
2016-01-13,108534.83868885483
2016-01-14,108534.83868885483
2016-01-15,108534.83868885483
2016-01-19,108534.83868885483
2016-01-20,108534.83868885483
2016-01-21,108534.83868885483
2016-01-22,108176.83053464782
2016-01-25,110260.4615195298
2016-01-26,111176.96155058805
2016-01-27,111241.40168182547
2016-01-28,113217.62243599888
2016-01-29,114270.17776312673
2016-02-01,112967.02078827596
2016-02-02,114711.40371823148
2016-02-03,114283.87361280991
2016-02-04,114822.80136353553
2016-02-05,114373.84373458097
2016-02-08,113567.94735384925
2016-02-09,113193.10072070372
2016-02-10,111854.92099275562
2016-02-11,112882.52004089065
2016-02-12,113478.06406060423
2016-02-16,113543.81630044596
2016-02-17,114888.92673442679
2016-02-18,114073.21420005523
2016-02-19,114974.70644440626
2016-02-22,114670.67574035499
2016-02-23,115357.49466725942
2016-02-24,116337.7619451455
2016-02-25,114077.54552029214
2016-02-26,113633.28528136725
2016-02-29,114142.4598293572
2016-03-01,115165.38764377435
2016-03-02,115587.03910990758
2016-03-03,115917.81068916789
2016-03-04,116639.59113113927
2016-03-07,116984.01607032989
2016-03-08,117225.35125351914
2016-03-09,117522.25119350143
2016-03-10,117781.54585123222
2016-03-11,117805.18145611798
2016-03-14,118048.17991885517
2016-03-15,119205.16337414274
2016-03-16,120211.76138077475
2016-03-17,119263.94872650581
2016-03-18,119477.76650871676
2016-03-21,118934.29101441799
2016-03-22,119031.00138808535
2016-03-23,119743.23613775031
2016-03-24,119569.43489923295
2016-03-28,121070.32190253622
2016-03-29,120926.5088488619
2016-03-30,121063.28114630467
2016-03-31,121178.37744331885
2016-04-01,121490.79500976141
2016-04-04,120315.48168899618
2016-04-05,119197.34681120946
2016-04-06,117799.03949320882
2016-04-07,118009.85573029632
2016-04-08,117452.93189765973
2016-04-11,118359.6080003571
2016-04-12,117758.68810923149
2016-04-13,117780.114473634
2016-04-14,118155.54038544736
2016-04-15,118646.74909938284
2016-04-18,119564.8968842095
2016-04-19,118171.36325020599
2016-04-20,116849.71853370423
2016-04-21,117659.04550196331
2016-04-22,116977.09808573025
2016-04-25,118219.98231245614
2016-04-26,119044.77677043108
2016-04-27,117819.83525363673
2016-04-28,117234.28231917463
2016-04-29,117690.8080894475
2016-05-02,116319.4059089703
2016-05-03,116231.42732381591
2016-05-04,116228.18298807864
2016-05-05,116941.3973289131
2016-05-06,117462.31362726673
2016-05-09,118024.74714747696
2016-05-10,115601.57591635938
2016-05-11,116300.47493388072
2016-05-12,114995.00199396115
2016-05-13,116137.55404061625
2016-05-16,114826.7094752915
2016-05-17,113274.00605497499
2016-05-18,112854.52417527974
2016-05-19,113418.15984363195
2016-05-20,112939.49888196528
2016-05-23,113809.89064115725
2016-05-24,114821.02263251325
2016-05-25,114233.62979474176
2016-05-26,114431.13579481211
2016-05-27,114314.2104569637
2016-05-31,114535.08363591944
2016-06-01,114721.02685660566
2016-06-02,114654.63219255714
2016-06-03,115434.1548681162
2016-06-06,115655.1653394238
2016-06-07,115907.05200692697
2016-06-08,115589.58951528113
2016-06-09,114462.30867902785
2016-06-10,113719.9117797405
2016-06-13,113921.82499073382
2016-06-14,113211.7323694904
2016-06-15,113517.71989367725
2016-06-16,113566.72127717495
2016-06-17,114090.7807433472
2016-06-20,114680.2261078109
2016-06-21,114134.1576960057
2016-06-22,115758.61691309256
2016-06-23,111952.20313946794
2016-06-24,109511.00976611116
2016-06-27,111294.7859436952
2016-06-28,112562.18918559804
2016-06-29,114329.74171215382
2016-06-30,114680.2222472817
2016-07-01,114354.311037194
2016-07-05,114462.03595327474
2016-07-06,112915.97071162099
2016-07-07,114033.9074582843
2016-07-08,113928.96365689814
2016-07-11,113642.33466281854
2016-07-12,114058.61977004906
2016-07-13,113950.96785261163
2016-07-14,114096.8806413397
2016-07-15,114189.3749027176
2016-07-18,113998.09009358243
2016-07-19,113730.45508834325
2016-07-20,113678.51308374012
2016-07-21,114944.25816090641
2016-07-22,114648.21064898385
2016-07-25,113774.51035127188
2016-07-26,113458.95965833908
2016-07-27,113325.79155081208
2016-07-28,114101.9972739751
2016-07-29,113760.7901769416
2016-08-01,113092.12536673632
2016-08-02,113000.47925165415
2016-08-03,113117.40831187602
2016-08-04,113356.37948520525
2016-08-05,113102.57296721256
2016-08-08,113321.71447413879
2016-08-09,113256.0499360461
2016-08-10,113391.30384664706
2016-08-11,113255.82654138861
2016-08-12,113095.84934148367
2016-08-15,111525.45448490954
2016-08-16,111679.92247834097
2016-08-17,111451.4630249094
2016-08-18,110803.7702683405
2016-08-19,110889.56487732737
2016-08-22,110953.44519752335
2016-08-23,110577.5232326801
2016-08-24,110881.06272718104
2016-08-25,110261.88556167377
2016-08-26,110741.24370437556
2016-08-29,110476.48748666969
2016-08-30,110382.29303086892
2016-08-31,110610.86047684081
2016-09-01,111109.6021406116
2016-09-02,111789.77271516668
2016-09-06,112093.2983744821
2016-09-07,110973.45654435502
2016-09-08,108148.02095178768
2016-09-09,109983.87392973439
2016-09-12,109288.92169399314
2016-09-13,109919.15871912883
2016-09-14,111791.60821058047
2016-09-15,111424.43927076002
2016-09-16,111157.15786129248
2016-09-19,111137.46080390037
2016-09-20,112352.92551632943
2016-09-21,112974.72229277426
2016-09-22,111888.6794400101
2016-09-23,111161.37375282674
2016-09-26,112438.73736967589
2016-09-27,112794.64963033862
2016-09-28,112160.19659295397
2016-09-29,112784.80110164254
2016-09-30,112351.51735703896
2016-10-03,112168.63696235957
2016-10-04,112665.22777067371
2016-10-05,112918.44743917881
2016-10-06,112655.37924197766
2016-10-07,113430.5116619491
2016-10-10,112096.8952052747
2016-10-11,112164.41816393854
2016-10-12,111472.28207862168
2016-10-13,111989.97812983193
2016-10-14,111684.70807014544
2016-10-17,112413.42195351771
2016-10-18,112431.71085254542
2016-10-19,112190.02022668993
2016-10-20,112569.3420303008
2016-10-21,113905.27086282641
2016-10-24,113451.7074718356
2016-10-25,112926.25402004109
2016-10-26,112497.12397991169
2016-10-27,112275.38439928117
2016-10-28,112229.25295949564
2016-10-31,111309.70907966548
2016-11-01,110556.97310672923
2016-11-02,109558.62869481766
2016-11-03,109045.22408423171
2016-11-04,111885.85952062946
2016-11-07,112054.743836887
2016-11-08,115113.44407641723
2016-11-09,119377.8957299227
2016-11-10,119841.34963455237
2016-11-11,122582.06704923771
2016-11-14,122648.75523142186
2016-11-15,120911.6369600364
2016-11-16,122422.03169229656
2016-11-17,122525.39125205038
2016-11-18,122905.48539997364
2016-11-21,123032.24107323591
2016-11-22,123632.22207112667
2016-11-23,123936.73902609496
2016-11-25,122214.06614968751
2016-11-28,122503.95556883719
2016-11-29,124133.34805399473
2016-11-30,126192.5716654136
2016-12-01,125003.02820699736
2016-12-02,126152.82021222435
2016-12-05,127332.63512129607
2016-12-06,129301.62848870277
2016-12-07,130276.43301219835
2016-12-08,130577.34828824195
2016-12-09,129740.14019883724
2016-12-12,130304.39642690208
2016-12-13,128990.78696369994
2016-12-14,130199.0560209269
2016-12-15,129248.48468043027
2016-12-16,129309.87786212562
2016-12-19,130456.2890217828
2016-12-20,130161.61538682485
2016-12-21,130023.92707925239
2016-12-22,130174.701385273
2016-12-23,130279.29946158626
2016-12-27,129004.36272532106
2016-12-28,128695.17662974213
2016-12-29,128660.35379204541
2016-12-30,129824.04664918565
2017-01-03,130502.64655704533
2017-01-04,129651.77617631371
2017-01-05,129413.551441324
2017-01-06,128250.53029256455
2017-01-09,128537.02022890412
2017-01-10,129199.93066887163
2017-01-11,128545.39026535931
2017-01-12,128998.79983655513
2017-01-13,127090.58643034834
2017-01-17,127535.89067834774
2017-01-18,127099.59498071442
2017-01-19,127704.43195540337
2017-01-20,127489.96522787555
2017-01-23,127505.30196769217
2017-01-24,128551.57028674948
2017-01-25,128805.04697105284
2017-01-26,128643.20493647903
2017-01-27,127739.40591292408
2017-01-30,127282.47205408743
2017-01-31,127071.73664876152
2017-02-01,126459.77487843527
2017-02-02,127588.28369807142
2017-02-03,127161.18666107745
2017-02-06,127032.92873343335
2017-02-07,127126.09234508692
2017-02-08,127613.28386573606
2017-02-09,128033.30807909372
2017-02-10,128361.62529395349
2017-02-13,128737.21739917454
2017-02-14,129191.57471013283
2017-02-15,129261.44032118097
2017-02-16,129502.81597436084
2017-02-17,130305.40687664838
2017-02-21,130355.32364182225
2017-02-22,130682.07962944888
2017-02-23,130813.46553819724
2017-02-24,130855.32336584126
2017-02-27,130821.89664136214
2017-02-28,131852.9923403716
2017-03-01,131486.36009572778
2017-03-02,131581.16181064345
2017-03-03,131213.28851488637
2017-03-06,130980.73019342753
2017-03-07,130742.64815474869
2017-03-08,130955.11442837949
2017-03-09,131589.60119251156
2017-03-10,131597.80870269565
2017-03-13,131288.36704617145
2017-03-14,132559.09836494678
2017-03-15,132166.04265760633
2017-03-16,132070.3607099779
2017-03-17,131991.8563168176
2017-03-20,130922.98360046331
2017-03-21,131454.4732712673
2017-03-22,131053.07174493419
2017-03-23,131140.5416191943
2017-03-24,131110.07913470195
2017-03-27,131665.51860725335
2017-03-28,131772.93875445507
2017-03-29,131722.69003267272
2017-03-30,131664.14417558388
2017-03-31,131467.62990715538
2017-04-03,131541.78142399527
2017-04-04,131417.9453856547
2017-04-05,131344.6639747705
2017-04-06,131186.05050728473
2017-04-07,131228.5703549983
2017-04-10,130996.65034223498
2017-04-11,131037.87673803078
2017-04-12,130578.19163486481
2017-04-13,131424.6034782358
2017-04-17,131321.63089328012
2017-04-18,130976.71650642421
2017-04-19,131408.37882711994
2017-04-20,131309.07345994803
2017-04-21,132360.70586864767
2017-04-24,132726.41730119943
2017-04-25,132452.00224975476
2017-04-26,132911.41255488357
2017-04-27,132873.4285196521
2017-04-28,133215.69688278314
2017-05-01,133496.37215193652
2017-05-02,133101.28063921668
2017-05-03,133206.74816745895
2017-05-04,133532.09727558907
2017-05-05,133707.6516998065
2017-05-08,133560.3817295466
2017-05-09,133840.7265614824
2017-05-10,133620.93688206232
2017-05-11,134073.68213594385
2017-05-12,134748.07690973522
2017-05-15,134918.06344836074
2017-05-16,132084.3705217026
2017-05-17,132763.34999149927
2017-05-18,133353.5867666589
2017-05-19,134608.093476154
2017-05-22,134776.11415228288
2017-05-23,135480.47800734526
2017-05-24,136504.25376062002
2017-05-25,136424.7979797673
2017-05-26,136847.9526647272
2017-05-30,136777.96882036963
2017-05-31,137454.11010550646
2017-06-01,138176.86910195
2017-06-02,137975.08526331536
2017-06-05,137614.09063519436
2017-06-06,137963.9531384104
2017-06-07,137817.5121356454
2017-06-08,136061.98114633278
2017-06-09,135809.96414788035
2017-06-12,136272.30619783365
2017-06-13,136557.50095353473
2017-06-14,136655.6086133688
2017-06-15,136701.64738706397
2017-06-16,137229.85999104026
2017-06-19,136964.47456176998
2017-06-20,137269.4463970128
2017-06-21,137733.8969098759
2017-06-22,137708.3718011577
2017-06-23,137760.92417726517
2017-06-26,136644.2989095521
2017-06-27,136851.17018361864
2017-06-28,135999.4729462951
2017-06-29,135909.28790211174
2017-06-30,136073.62375788967
2017-07-03,136490.4508713599
2017-07-05,135344.3301853339
2017-07-06,135879.1201225218
2017-07-07,135711.33998768547
2017-07-10,135482.13674495326
2017-07-11,136303.30437224288
2017-07-12,136550.0209712966
2017-07-13,137077.69027905504
2017-07-14,136811.64398537832
2017-07-17,136892.23931380716
2017-07-18,137656.16460946426
2017-07-19,138145.26091122115
2017-07-20,138121.39956422948
2017-07-21,138019.02680698468
2017-07-24,137817.0380805497
2017-07-25,137642.9477589791
2017-07-26,137185.8309317776
2017-07-27,137271.65583642502
2017-07-28,137328.71992094992
2017-07-31,137608.53060211393
2017-08-01,137689.58239941532
2017-08-02,137730.27336817823
2017-08-03,137733.63499455413
2017-08-04,137803.5781530842
2017-08-07,137720.59358997786
2017-08-08,137551.0570946732
2017-08-09,136797.23836415674
2017-08-10,136453.63842083153
2017-08-11,137377.6734046484
2017-08-14,137535.40373934578
2017-08-15,137556.01154638123
2017-08-16,135979.28364465747
2017-08-17,135872.99966725134
2017-08-18,136057.40997966618
2017-08-21,137059.34596493252
2017-08-22,137001.38796246637
2017-08-23,136917.35890841056
2017-08-24,137294.59063852363
2017-08-25,137004.58210077294
2017-08-28,136680.82670058034
2017-08-29,137052.69377260417
2017-08-30,137831.61420397027
2017-08-31,137747.0937844854
2017-09-01,137354.94002522406
2017-09-05,137405.60283650155
2017-09-06,138569.53247273006
2017-09-07,138678.94844049573
2017-09-08,139897.25085941586
2017-09-11,139087.39504585773
2017-09-12,138621.58536159724
2017-09-13,138565.7033591638
2017-09-14,138587.28926279044
2017-09-15,138533.43815606635
2017-09-18,138738.33482465654
2017-09-19,138835.11930652667
2017-09-20,138432.24982352913
2017-09-21,138248.71502586643
2017-09-22,138176.35584196035
2017-09-25,137986.9543816739
2017-09-26,138155.3109559982
2017-09-27,138417.5698831492
2017-09-28,138764.73414266613
2017-09-29,138843.19978548723
2017-10-02,139003.31693795757
2017-10-03,139308.17891222122
2017-10-04,139618.99288065569
2017-10-05,138854.0684436169
2017-10-06,138749.01997403937
2017-10-09,139277.1511232225
2017-10-10,139433.51281609526
2017-10-11,138653.67191875816
2017-10-12,138448.45674692147
2017-10-13,138587.85361882104
2017-10-16,138632.7980549788
2017-10-17,138449.34261660796
2017-10-18,138769.29979268278
2017-10-19,139562.6037064472
2017-10-20,139124.02111271062
2017-10-23,139641.87275074425
2017-10-24,138844.55457596428
2017-10-25,139855.09294782978
2017-10-26,139930.305020927
2017-10-27,139896.33294600016
2017-10-30,140259.63297747186
2017-10-31,140779.12699235827
2017-11-01,140337.08433450383
2017-11-02,140855.21224612123
2017-11-03,141548.8094685833
2017-11-06,141760.6554155203
2017-11-07,141808.51707464378
2017-11-08,141438.27846750742
2017-11-09,140817.91037098822
2017-11-10,140856.8338024123
2017-11-13,140019.78960615836
2017-11-14,138825.86182633214
2017-11-15,139342.56994233222
2017-11-16,138948.79425898366
2017-11-17,139066.04340954637
2017-11-20,139944.5555256328
2017-11-21,139832.19273376305
2017-11-22,140268.02683396084
2017-11-24,139886.1438389052
2017-11-27,140995.56508888252
2017-11-28,140669.47694531785
2017-11-29,141539.78996844977
2017-11-30,141467.752213828
2017-12-01,141943.08640895082
2017-12-04,141155.8600756693
2017-12-05,140821.47299149583
2017-12-06,141189.06594960435
2017-12-07,141847.1792733898
2017-12-08,142104.46165242334
2017-12-11,142220.84069790336
2017-12-12,141686.20132641276
2017-12-13,141439.94783265167
2017-12-14,142603.66354140427
2017-12-15,143280.46720370042
2017-12-18,142591.14923442266
2017-12-19,142295.165772884
2017-12-20,142715.4841274984
2017-12-21,142574.02431639328
2017-12-22,142474.7478234879
2017-12-26,142390.9970123907
2017-12-27,142593.5789070007
2017-12-28,141864.05951981794
2017-12-29,143030.31607554638
2018-01-02,143939.22684203179
2018-01-03,144574.3309472061
2018-01-04,145505.0347532788
2018-01-05,145797.71928851394
2018-01-08,145814.19223360476
2018-01-09,145819.5463693318
2018-01-10,147322.51169325653
2018-01-11,148627.29358760183
2018-01-12,147841.7676455558
2018-01-16,149099.54093413637
2018-01-17,148813.11073572462
2018-01-18,149844.29085039234
2018-01-19,151402.40111118017
2018-01-22,151945.6752724539
2018-01-23,152139.47438171288
2018-01-24,151868.7867878972
2018-01-25,153358.488960137
2018-01-26,152750.11491769349
2018-01-29,151441.44096135764
2018-01-30,150841.37648673073
2018-01-31,149609.10294907287
2018-02-01,147297.15257537123
2018-02-02,141915.64502583395
2018-02-05,144945.14112839822
2018-02-06,144657.0347428072
2018-02-07,138894.55680836932
2018-02-08,140000.18982287202
2018-02-09,141646.4508919321
2018-02-12,142330.30634986525
2018-02-13,143998.62072782763
2018-02-14,145246.82356599424
2018-02-15,144632.7516454129
2018-02-16,143914.017933751
2018-02-20,143747.38198444044
2018-02-21,143578.8192516962
2018-02-22,145519.46226045315
2018-02-23,146777.4355669213
2018-02-26,143880.99862612612
2018-02-27,143110.77358215264
2018-02-28,141372.0246817208
2018-03-01,142636.29954527074
2018-03-02,144020.19896073436
2018-03-05,144772.8030653597
2018-03-06,144136.1286554592
2018-03-07,144685.9959247857
2018-03-08,147255.94508621382
2018-03-09,147692.02147949586
2018-03-12,146258.0171532059
2018-03-13,146070.03355717435
2018-03-14,146067.73185537872
2018-03-15,145983.46231426796
2018-03-16,143340.92478530583
2018-03-19,143874.0145851749
2018-03-20,143371.6839787246
2018-03-21,140073.05960601047
2018-03-22,136649.33318176752
2018-03-23,140626.99088472966
2018-03-26,136778.2646748416
2018-03-27,135087.13119977183
2018-03-28,135087.13119977183
2018-03-29,131260.35950748608
2018-04-02,131260.35950748608
2018-04-03,131260.35950748608
2018-04-04,131260.35950748608
2018-04-05,128449.79271088757
2018-04-06,128449.79271088757
2018-04-09,128449.79271088757
2018-04-10,128449.79271088757
2018-04-11,128449.79271088757
2018-04-12,128449.79271088757
2018-04-13,128449.79271088757
2018-04-16,129795.28614633242
2018-04-17,129288.21464123126
2018-04-18,129182.78818318834
2018-04-19,128033.09434917379
2018-04-20,128033.09434917379
2018-04-23,128033.09434917379
2018-04-24,128072.95627828348
2018-04-25,129393.61651337311
2018-04-26,129393.61651337311
2018-04-27,129028.3397010022
2018-04-30,128667.65142972763
2018-05-01,128748.434149712
2018-05-02,128574.2492147172
2018-05-03,129097.28674768
2018-05-04,128845.91197025581
2018-05-07,128317.08375637185
2018-05-08,130655.59450431721
2018-05-09,131734.16847874178
2018-05-10,131468.2435841446
2018-05-11,132194.1934111022
2018-05-14,132210.4623082722
2018-05-15,132698.48667176685
2018-05-16,134439.0742786668
2018-05-17,133356.14674804185
2018-05-18,134645.91438326132
2018-05-21,132923.89028419
2018-05-22,133037.76398289588
2018-05-23,131048.23738835039
2018-05-24,128482.92611479785
2018-05-25,128343.90808589332
2018-05-29,131555.43260887687
2018-05-30,130844.1715287911
2018-05-31,130432.18742049424
2018-06-01,129416.60037943663
2018-06-04,128917.8151117135
2018-06-05,129582.070344802
2018-06-06,131287.71202898063
2018-06-07,131064.06242182163
2018-06-08,131447.26542364238
2018-06-11,130602.42525483214
2018-06-12,129443.2441817808
2018-06-13,129166.11042061065
2018-06-14,127432.93759066024
2018-06-15,127831.27124029135
2018-06-18,127569.95400829575
2018-06-19,128204.43997714405
2018-06-20,126912.70636389763
2018-06-21,127371.78995505147
2018-06-22,124590.75391640348
2018-06-25,125505.21937879651
2018-06-26,125080.1283543713
2018-06-27,125308.87638962675
2018-06-28,125719.35996549681
2018-06-29,125410.8445556996
2018-07-02,125263.92907782679
2018-07-03,125667.28511026764
2018-07-05,126501.22286886632
2018-07-06,126020.09170084778
2018-07-09,126493.75738821329
2018-07-10,126142.64421990022
2018-07-11,126652.96003762321
2018-07-12,126862.74983988091
2018-07-13,126924.05582703304
2018-07-16,127092.08099995792
2018-07-17,126946.42814170751
2018-07-18,126881.01442714797
2018-07-19,126614.32258657539
2018-07-20,126691.09070254545
2018-07-23,127006.5368122268
2018-07-24,128286.22597739294
2018-07-25,127427.74169695315
2018-07-26,126720.90592325227
2018-07-27,126374.67944099201
2018-07-30,127050.78729164791
2018-07-31,126582.8119957876
2018-08-01,127174.71130362425
2018-08-02,128089.40704337384
2018-08-03,128346.95095455453
2018-08-06,128216.31109805283
2018-08-07,127915.71236221062
2018-08-08,128045.06523649675
2018-08-09,127621.90332952728
2018-08-10,127567.06370189894
2018-08-13,127982.04256423206
2018-08-14,127954.4101944474
2018-08-15,128819.54362645645
2018-08-16,129195.1460591168
2018-08-17,129294.19520525081
2018-08-20,129097.28534626588
2018-08-21,128880.40801186961
2018-08-22,128793.90810890001
2018-08-23,129162.22863655428
2018-08-24,129354.134454922
2018-08-27,129334.05930121963
2018-08-28,129913.59235283638
2018-08-29,129757.92421892019
2018-08-30,129755.21018544998
2018-08-31,129410.08603725214
2018-09-04,130039.3016369284
2018-09-05,130187.6577521986
2018-09-06,129103.9000495532
2018-09-07,129406.28089741347
2018-09-10,129266.68440932843
2018-09-11,129608.39503982544
2018-09-12,130415.45980453619
2018-09-13,129739.27479774403
2018-09-14,129741.70886800913
2018-09-17,129957.89960593704
2018-09-18,129315.923117228
2018-09-19,130229.89762618735
2018-09-20,130406.35990229691
2018-09-21,129908.19010171
2018-09-24,129614.17766214216
2018-09-25,129741.60567235394
2018-09-26,130312.48175439298
2018-09-27,130419.66491040436
2018-09-28,130897.23483067437
2018-10-01,130643.03378436877
2018-10-02,130553.6741727757
2018-10-03,129366.54212059
2018-10-04,128923.16822433265
2018-10-05,128905.52709950587
2018-10-08,128570.11826222869
2018-10-09,125199.070202543
2018-10-10,122102.4520230997
2018-10-11,123948.2404601418
2018-10-12,123090.3274767076
2018-10-15,126076.41941275765
2018-10-16,126532.66892294218
2018-10-17,124811.60287775303
2018-10-18,124419.9799308057
2018-10-19,123584.42978540459
2018-10-22,122936.9503994667
2018-10-23,121377.26873149963
2018-10-24,120058.84181397945
2018-10-25,118024.5065901479
2018-10-26,119617.96312551993
2018-10-29,119966.25049000072
2018-10-30,118876.84406094319
2018-10-31,119449.52744725088
2018-11-01,119124.37453783366
2018-11-02,120565.54646845713
2018-11-05,121230.5510681544
2018-11-06,121906.0291894072
2018-11-07,121928.51015678137
2018-11-08,122302.43797005429
2018-11-09,121382.2651233031
2018-11-12,120938.92171820393
2018-11-13,120087.30917364664
2018-11-14,119668.28149135127
2018-11-15,119935.70401177002
2018-11-16,119709.61608758861
2018-11-19,118197.96097636766
2018-11-20,116642.66668989652
2018-11-21,116962.68306072934
2018-11-23,117008.59049688697
2018-11-26,118055.49748742279
2018-11-27,118964.75445111631
2018-11-28,119012.32739273393
2018-11-29,120068.61801753473
2018-11-30,120385.5110722003
2018-12-03,119038.73928625914
2018-12-04,118901.62313217789
2018-12-06,119272.90474530101
2018-12-07,119633.50586293009
2018-12-10,119989.90992699176
2018-12-11,119293.87721724289
2018-12-12,120346.30119515846
2018-12-13,120036.0263326529
2018-12-14,116115.56801557321
2018-12-17,115369.22956204439
2018-12-18,115117.65205447319
2018-12-19,115432.1238915871
2018-12-20,114618.69718359623
2018-12-21,109729.67037957293
2018-12-24,109729.67037957293
2018-12-26,109729.67037957293
2018-12-27,109729.67037957293
2018-12-28,109729.67037957293
2018-12-31,109729.67037957293
2019-01-02,109729.67037957293
2019-01-03,109729.67037957293
2019-01-04,109729.67037957293
2019-01-07,109729.67037957293
2019-01-08,109258.84137815758
2019-01-09,110951.56276616367
2019-01-10,111214.99984998767
2019-01-11,110878.7031948015
2019-01-14,112055.75431684809
2019-01-15,112672.31101358443
2019-01-16,113199.17991249076
2019-01-17,113552.29095637119
2019-01-18,113111.19695873772
2019-01-22,112532.59149208681
2019-01-23,112091.96042680077
2019-01-24,113461.21469944828
2019-01-25,113998.94118285763
2019-01-28,114946.02829161688
2019-01-29,115901.89218693749
2019-01-30,117000.59248586645
2019-01-31,116220.50847875503
2019-02-01,116978.6218975638
2019-02-04,117681.79644833354
2019-02-05,116786.35297089978
2019-02-06,117720.24660214718
2019-02-07,117835.61382842518
2019-02-08,118099.52499039628
2019-02-11,117295.44516495285
2019-02-12,117881.66181032303
2019-02-13,118246.18372017628
2019-02-14,119011.41878005803
2019-02-15,119090.56920439946
2019-02-19,119099.64231853912
2019-02-20,119009.88141288294
2019-02-21,119764.53512105634
2019-02-22,119456.83447404456
2019-02-25,119131.99671999854
2019-02-26,119344.46769563663
2019-02-27,119242.48550553215
2019-02-28,119372.29729374965
2019-03-01,119114.50832020365
2019-03-04,118609.07045221108
2019-03-05,117591.34412584928
2019-03-06,116837.45736948548
2019-03-07,116560.85710877864
2019-03-08,117598.16445146815
2019-03-11,117785.33496947054
2019-03-12,117994.33338120965
2019-03-13,117852.46444750123
2019-03-14,117771.58891303984
2019-03-15,118002.59014918366
2019-03-18,117483.2818866446
2019-03-19,117114.18870894807
2019-03-20,119233.79919450384
2019-03-21,117766.65376141468
2019-03-22,117750.94820363994
2019-03-25,118613.46625669999
2019-03-26,118032.01266893608
2019-03-27,118456.90747671793
2019-03-28,118569.43979310765
2019-03-29,118917.21866791356
2019-04-01,119583.3077902571
2019-04-02,119748.81103240116
2019-04-03,119363.23187426048
2019-04-04,120142.70401748373
2019-04-05,119794.85157576176
2019-04-08,119350.85527174758
2019-04-09,119804.38020609693
2019-04-10,119855.57759718347
2019-04-11,120559.9154404321
2019-04-12,120280.92403128605
2019-04-15,119019.49150616532
2019-04-16,119249.56610380767
2019-04-17,119518.7278008839
2019-04-18,119467.23415534779
2019-04-22,120139.15643717721
2019-04-23,120240.7644877534
2019-04-24,120408.94359277756
2019-04-25,120374.84606508672
2019-04-26,120250.84696201718
2019-04-29,120369.45393580834
2019-04-30,119490.4848856144
2019-05-01,118983.32247071838
2019-05-02,120046.79722619249
2019-05-03,119278.98157308527
2019-05-06,117345.43905440262
2019-05-07,116891.73202809224
2019-05-08,116325.61650653715
2019-05-09,116762.94040789745
2019-05-10,114538.78520927207
2019-05-13,114446.90193234099
2019-05-14,115271.26975128772
2019-05-15,116185.84224514617
2019-05-16,115860.8919666462
2019-05-17,115195.58853811694
2019-05-20,115225.25879129632
2019-05-21,115760.71982505934
2019-05-22,115599.11249923296
2019-05-23,115343.84084101609
2019-05-24,113782.321011335
2019-05-28,112636.72687172134
2019-05-29,112988.11549312406
2019-05-30,111971.62245749455
2019-05-31,112839.31520624296
2019-06-03,112993.94733954388
2019-06-04,114518.87995788976
2019-06-05,115140.21224610602
2019-06-06,115958.43775124852
2019-06-07,116055.6711934512
2019-06-10,116450.5180550876
2019-06-11,116555.14235813229
2019-06-12,116714.64433412814
2019-06-13,116884.1037965251
2019-06-14,116773.54257751236
2019-06-17,116837.29241914302
2019-06-18,117117.08009660058
2019-06-19,117798.40292584362
2019-06-20,117213.09416910999
2019-06-21,117173.76800097027
2019-06-24,116232.20463158896
2019-06-25,114424.473311631
2019-06-26,114590.66886981808
2019-06-27,114920.4087382937
2019-06-28,117176.06172765876
2019-07-05,117096.30664500497
2019-07-08,116874.04426497521
2019-07-09,117081.22027909859
2019-07-10,117339.53875329396
2019-07-11,117497.33675341858
2019-07-12,117809.97605125
2019-07-15,117441.9450177847
2019-07-16,117265.32853982472
2019-07-17,117929.35419673943
2019-07-18,116603.1434849913
2019-07-19,116312.27196738472
2019-07-22,116662.13994219956
2019-07-23,116337.34301313013
2019-07-24,116052.94393924822
2019-07-25,117212.73518609829
2019-07-26,117496.79869701216
2019-07-29,117431.58141589873
2019-07-30,115260.28037121483
2019-07-31,115019.67687843561
2019-08-01,115135.3145265696
2019-08-02,112946.61676808658
2019-08-05,114021.7835264891
2019-08-06,114762.86356440044
2019-08-07,116414.5970497662
2019-08-08,116213.88160061081
2019-08-09,115177.33835534818
2019-08-12,115690.55759550635
2019-08-13,113373.90140374002
2019-08-14,114825.7204170112
2019-08-15,115416.83024354654
2019-08-16,116440.29757404166
2019-08-19,115482.4740891103
2019-08-20,116244.68437268813
2019-08-21,116258.51586205342
2019-08-22,113752.05272226417
2019-08-23,115002.95752996905
2019-08-26,114825.02205455782
2019-08-27,114855.58459920535
2019-08-28,115186.55244548702
2019-08-29,115206.91669326393
2019-08-30,116224.80757158027
2019-09-03,116923.79846072853
2019-09-04,116005.28273762256
2019-09-05,115895.85669699723
2019-09-06,115215.41836691735
2019-09-09,114989.78714470587
2019-09-10,116095.48336852201
2019-09-11,116330.85922995632
2019-09-12,115787.90835594341
2019-09-13,115747.43720676648
2019-09-16,116523.67110489658
2019-09-17,116937.49303358734
2019-09-18,117167.04811558918
2019-09-19,117300.52452516854
2019-09-20,117468.08928902916
2019-09-23,118085.35502101565
2019-09-24,118042.96441891733
2019-09-25,118652.06442298215
2019-09-26,118163.33448060474
2019-09-27,118235.31505462703
2019-09-30,117875.37923140677
2019-10-01,116349.2548559511
2019-10-02,116662.39726465361
2019-10-03,118311.79297531376
2019-10-04,117783.86189700691
2019-10-07,116608.4772593526
2019-10-08,117194.55383996182
2019-10-09,117118.70305787948
2019-10-10,116741.45772684856
2019-10-11,116397.17973149866
2019-10-14,116344.6407349951
2019-10-15,116459.90505363488
2019-10-16,116904.80689221865
2019-10-17,117658.17115893707
2019-10-18,118311.46697482899
2019-10-21,118229.75867682562
2019-10-22,118621.71363926675
2019-10-23,118978.1031464555
2019-10-24,117649.32757171596
2019-10-25,116114.75237447069
2019-10-28,115826.22879936648
2019-10-29,116653.79187789901
2019-10-30,116853.48199245523
2019-10-31,117027.85713861827
2019-11-01,116395.7801042241
2019-11-04,116157.31121527286
2019-11-05,116537.8023437507
2019-11-06,116688.48483438545
2019-11-07,116683.39908722093
2019-11-08,116390.71438195731
2019-11-11,116427.67435645072
2019-11-12,115759.84772201347
2019-11-13,115870.504606207
2019-11-14,116378.11727052844
2019-11-15,116447.85533765575
2019-11-18,116660.95700834662
2019-11-19,116221.86990226431
2019-11-20,116094.76284167956
2019-11-21,116766.81508830446
2019-11-22,117635.0435669972
2019-11-25,117538.27232462208
2019-11-26,118041.6366205185
2019-11-27,117707.59095620041
2019-11-29,117046.50079315067
2019-12-02,116468.63260767767
2019-12-03,117438.61209171748
2019-12-04,117527.98057526175
2019-12-05,118327.0100191224
2019-12-06,117563.77198653802
2019-12-09,117594.64267986575
2019-12-10,117876.33664978817
2019-12-11,118918.86920491979
2019-12-12,118919.6282795204
2019-12-13,120025.93137584758
2019-12-16,119881.08834477385
2019-12-17,119913.49960589188
2019-12-18,120465.25442419929
2019-12-19,121354.6403052987
2019-12-20,121742.15424416069
2019-12-23,121664.91336044658
2019-12-24,121803.27111278522
2019-12-26,121832.98495890277
2019-12-27,121111.33829362724
2019-12-30,121496.52328726542
2019-12-31,122250.6750878249
2020-01-02,121211.83723664553
2020-01-03,121615.20777168153
2020-01-06,121191.12897323979
2020-01-07,122060.03448369898
2020-01-08,122905.86007897879
2020-01-09,122763.66882112408
2020-01-10,123308.39284222925
2020-01-13,123226.09445198151
2020-01-14,123804.27989804182
2020-01-15,124872.06078884918
2020-01-16,125432.00066768272
2020-01-17,125489.87073506466
2020-01-21,125779.96178228459
2020-01-22,125859.78924624348
2020-01-23,124997.2024595562
2020-01-24,122864.45109900992
2020-01-27,124387.43693718959
2020-01-28,124635.14310370729
2020-01-29,125577.74879066861
2020-01-30,123441.34398848766
2020-01-31,124328.6813474713
2020-02-03,124988.41955433616
2020-02-04,125651.48673781668
2020-02-05,125998.15275560862
2020-02-06,125292.41766117272
2020-02-07,126195.68259718161
2020-02-10,126429.29676409953
2020-02-11,126986.04086235879
2020-02-12,127516.89144204886
2020-02-13,128120.3176734106
2020-02-14,128625.68236053971
2020-02-18,128266.38097693652
2020-02-19,128124.61026546251
2020-02-20,126827.81270191354
2020-02-21,124153.31838701176
2020-02-24,121239.30692746994
2020-02-25,120141.95209974836
2020-02-26,114410.43798597722
2020-02-27,110611.2069744357
2020-02-28,116920.56632602224
2020-03-02,112668.79989250531
2020-03-03,118242.3218206585
2020-03-04,116110.02305228206
2020-03-05,115215.58550125705
2020-03-06,108716.47646549875
2020-03-09,108716.47646549875
2020-03-10,103174.59877124899
2020-03-11,103174.59877124899
2020-03-12,103174.59877124899
2020-03-13,103174.59877124899
2020-03-16,103174.59877124899
2020-03-17,103174.59877124899
2020-03-18,103174.59877124899
2020-03-19,103174.59877124899
2020-03-20,103174.59877124899
2020-03-23,103174.59877124899
2020-03-24,103174.59877124899
2020-03-25,103174.59877124899
2020-03-26,103174.59877124899
2020-03-27,103174.59877124899
2020-03-30,103174.59877124899
2020-03-31,103174.59877124899
2020-04-01,103174.59877124899
2020-04-02,103174.59877124899
2020-04-03,103174.59877124899
2020-04-06,103174.59877124899
2020-04-07,103174.59877124899
2020-04-08,103174.59877124899
2020-04-09,103174.59877124899
2020-04-13,103174.59877124899
2020-04-14,103174.59877124899
2020-04-15,103174.59877124899
2020-04-16,103174.59877124899
2020-04-17,103174.59877124899
2020-04-20,103174.59877124899
2020-04-21,103174.59877124899
2020-04-22,103174.59877124899
2020-04-23,103174.59877124899
2020-04-24,103174.59877124899
2020-04-27,100977.38464248269
2020-04-28,100977.38464248269
2020-04-29,100977.38464248269
2020-04-30,100977.38464248269
2020-05-01,100977.38464248269
2020-05-04,100977.38464248269
2020-05-05,100977.38464248269
2020-05-06,100977.38464248269
2020-05-07,100977.38464248269
2020-05-08,100977.38464248269
2020-05-11,100977.38464248269
2020-05-12,100977.38464248269
2020-05-13,100977.38464248269
2020-05-14,100977.38464248269
2020-05-15,100977.38464248269
2020-05-18,99758.20031488048
2020-05-19,100407.58384135777
2020-05-20,99003.58547859927
2020-05-21,99418.97516121366
2020-05-22,99257.72976249999
2020-05-26,100533.80261387592
2020-05-27,99482.56606040617
2020-05-28,100156.07470583759
2020-05-29,101070.41142361937
2020-06-01,101710.94237095024
2020-06-02,103199.39244988252
2020-06-03,102820.88868715383
2020-06-04,105098.33345085481
2020-06-05,108049.16642304473
2020-06-08,106083.68321334267
2020-06-09,104949.91935972127
2020-06-10,99439.26336257228
2020-06-11,100936.47926802296
2020-06-12,101551.24651522515
2020-06-15,103651.39017405169
2020-06-16,101826.77551261359
2020-06-17,101679.37875237552
2020-06-18,101224.76202944046
2020-06-19,102340.37152746347
2020-06-22,103380.41600638015
2020-06-23,101254.2756365064
2020-06-24,101564.49581168348
2020-06-25,99200.65094580602
2020-06-26,100516.48251450114
2020-06-29,102253.41390070635
2020-06-30,104048.6765659585
2020-07-01,104456.15951378402
2020-07-02,107814.29671957015
2020-07-06,105955.79980781347
2020-07-07,107588.23930114268
2020-07-08,108367.54294036435
2020-07-09,109241.1839359371
2020-07-10,107294.77437620709
2020-07-13,108017.29612771123
2020-07-14,108693.25713586855
2020-07-15,107975.07830703173
2020-07-16,107867.6151414574
2020-07-17,109735.48641818043
2020-07-20,109134.73951180137
2020-07-21,109742.60067438894
2020-07-22,107127.84234185267
2020-07-23,107043.86672047923
2020-07-24,108218.96191258762
2020-07-27,106676.23154233555
2020-07-28,107771.84034454825
2020-07-29,107588.46219935815
2020-07-30,108793.95386171968
2020-07-31,108185.33537855821
2020-08-03,108837.86219116003
2020-08-04,110134.2980747944
2020-08-05,110761.61921679483
2020-08-06,110119.83534388043
2020-08-07,111053.24025483025
2020-08-10,110667.10199976654
2020-08-11,112067.64339105041
2020-08-12,111820.25311898038
2020-08-13,111851.66854918636
2020-08-14,112624.2814753302
2020-08-17,113638.31180626366
2020-08-18,112876.86348625412
2020-08-19,113291.3182884451
2020-08-20,113943.06069356228
2020-08-21,115266.88726055852
2020-08-24,115874.41366491717
2020-08-25,117798.87861908367
2020-08-26,117333.96921452176
2020-08-27,118212.77912133005
2020-08-28,118464.12900526122
2020-08-31,120271.76655135337
2020-09-01,121593.52188155639
2020-09-02,116581.77342705234
2020-09-03,115648.52334411672
2020-09-04,113246.35004490401
2020-09-08,115682.9569681713
2020-09-09,113990.71428965795
2020-09-10,114526.23454441402
2020-09-11,115775.38501097178
2020-09-14,116572.3502114869
2020-09-15,116161.84513786944
2020-09-16,116366.4253228509
2020-09-17,114555.13713905479
2020-09-18,110835.88997963707
2020-09-21,112124.11402566145
2020-09-22,109752.1763232268
2020-09-23,110090.62270017924
2020-09-24,111210.7830560285
2020-09-25,113064.57239375611
2020-09-28,112216.13650052703
2020-09-29,112247.24808037432
2020-09-30,112512.2155787154
2020-10-01,112940.06251844125
2020-10-02,114751.92621276343
2020-10-05,113136.70927262297
2020-10-06,115393.38531294402
2020-10-07,116548.14192242324
2020-10-08,117242.69142072312
2020-10-09,118814.931700878
2020-10-12,118139.79142382754
2020-10-13,117606.68055553887
2020-10-14,117855.3857823158
2020-10-15,117679.14342409738
2020-10-16,116020.1795143963
2020-10-19,116629.75299452557
2020-10-20,115654.19030622984
2020-10-21,116164.34205812556
2020-10-22,116629.39417984565
2020-10-23,113941.12879539504
2020-10-26,112694.91226072688
2020-10-27,109142.4958736039
2020-10-28,109443.54253458275
2020-10-29,108213.475595719
2020-10-30,111342.48251953968
2020-11-02,113007.44899243908
2020-11-03,111200.41503934322
2020-11-04,112600.6219395775
2020-11-05,112528.2807788536
2020-11-06,114214.64183474475
2020-11-09,115565.14698763043
2020-11-10,115305.5844648415
2020-11-11,113367.3711483826
2020-11-12,114739.03526290262
2020-11-13,116407.14877155724
2020-11-16,114792.44974555395
2020-11-17,113389.01925793143
2020-11-18,112985.78583402185
2020-11-19,112276.87113493383
2020-11-20,113245.28958353444
2020-11-23,115202.20580346763
2020-11-24,114688.6123526576
2020-11-25,114256.90622254445
2020-11-27,113051.41056506931
2020-11-30,112863.82252264177
2020-12-01,113190.29536462102
2020-12-02,113188.87453398456
2020-12-03,114168.82708746541
2020-12-04,113785.12626502682
2020-12-07,113849.94299648164
2020-12-08,113434.05209107313
2020-12-09,113093.26759384167
2020-12-10,113069.48589408268
2020-12-11,111944.49137096183
2020-12-14,113208.75362408205
2020-12-15,113092.03564752826
2020-12-16,113114.91488218776
2020-12-17,112571.42127042063
2020-12-18,112714.07610476424
2020-12-21,111615.03928323311
2020-12-22,112630.26314908008
2020-12-23,112747.57522921679
2020-12-24,113216.40534127055
2020-12-28,112800.33752538914
2020-12-29,112798.91723815475
2020-12-30,113640.95511486423
2020-12-31,112061.93575910546
2021-01-04,112585.14424174801
2021-01-05,114121.37343542368
2021-01-06,115614.90816733336
2021-01-07,115427.08929500349
2021-01-08,115872.71784922956
2021-01-11,117180.75702206045
2021-01-12,116515.64575770483
2021-01-13,118443.46547047824
2021-01-14,114388.5882553243
2021-01-15,116313.27111578708
2021-01-19,117164.97732832932
2021-01-20,115053.19378832009
2021-01-21,114583.53224003036
2021-01-22,114389.25936722237
2021-01-25,113530.77172559405
2021-01-26,110922.60051443057
2021-01-27,111752.12753632269
2021-01-28,108862.50398493791
2021-01-29,110681.0999430683
2021-02-01,112017.0752979942
2021-02-02,113943.55213490626
2021-02-03,115406.83650469463
2021-02-04,115649.65813044485
2021-02-05,117684.40650248817
2021-02-08,116816.26687839525
2021-02-09,117603.27334062655
2021-02-10,117589.68891916402
2021-02-11,118476.94565549615
2021-02-12,119085.25696787683
2021-02-16,118882.64407169136
2021-02-17,117632.3879244287
2021-02-18,118263.41110861469
2021-02-19,117738.32703674091
2021-02-22,118184.05878149558
2021-02-23,120674.35972298877
2021-02-24,117686.86474773988
2021-02-25,115177.49681577341
2021-02-26,118216.81838893134
2021-03-01,117317.58113389237
2021-03-02,118347.81603450804
2021-03-03,118840.93385941614
2021-03-04,123220.24805811487
2021-03-05,123580.09349949812
2021-03-08,121622.23738063363
2021-03-09,124206.2947443301
2021-03-10,124141.77716593382
2021-03-11,124954.56913650192
2021-03-12,124278.22567415108
2021-03-15,122287.93743023915
2021-03-16,122975.03680982458
2021-03-17,120160.27968295761
2021-03-18,119148.89886183605
2021-03-19,118509.05905015625
2021-03-22,117742.79110165506
2021-03-23,118639.29636554843
2021-03-24,119184.5367073745
2021-03-25,122214.04303920806
2021-03-26,121285.77123485516
2021-03-29,120472.19174059777
2021-03-30,119647.77323875764
2021-03-31,121779.73727024092
2021-04-01,121553.3486139208
2021-04-05,121649.4711487536
2021-04-06,121996.87359684192
2021-04-07,121366.72908381298
2021-04-08,121632.9244225274
2021-04-09,121785.90710511686
2021-04-12,122020.6117616603
2021-04-13,121432.0141583707
2021-04-14,122889.79591618715
2021-04-15,123242.50857852772
2021-04-16,123254.0142652941
2021-04-19,123019.6299163272
2021-04-20,123984.40803082968
2021-04-21,123176.78869680848
2021-04-22,124555.9237187833
2021-04-23,124805.89986705765
2021-04-26,125270.56278324926
2021-04-27,125500.17400360538
2021-04-28,127283.61613177141
2021-04-29,126707.69446126098
2021-04-30,126780.70046919865
2021-05-03,126803.87387883913
2021-05-04,126523.09460020845
2021-05-05,127804.0888375937
2021-05-06,128758.65521350378
2021-05-07,128804.78560439161
2021-05-10,126955.58682999246
2021-05-11,124025.12790244083
2021-05-12,125986.82450853258
2021-05-13,127605.94952380868
2021-05-14,128019.23656640135
2021-05-17,126862.66648041464
2021-05-18,125649.35725723741
2021-05-19,126309.62822778944
2021-05-20,126600.92406819752
2021-05-21,127204.78545176213
2021-05-24,126754.72728377825
2021-05-25,126928.22704249849
2021-05-26,126892.0519527013
2021-05-27,127292.49676886223
2021-05-28,128991.81683527352
2021-06-01,129967.0489683061
2021-06-02,129833.19048783464
2021-06-03,130030.37278026332
2021-06-04,130472.68216016114
2021-06-07,130724.92918567425
2021-06-08,130593.83792825004
2021-06-09,131356.8203228371
2021-06-10,130726.57012477722
2021-06-11,131037.58673555338
2021-06-14,130201.17113391713
2021-06-15,129257.03633996702
2021-06-16,128432.22350361352
2021-06-17,126452.58250874319
2021-06-18,128618.6372781877
2021-06-21,128536.25025795863
2021-06-22,128137.95875337704
2021-06-23,128226.44513305501
2021-06-24,128873.08471387546
2021-06-25,128593.5830184677
2021-06-28,128466.49090201559
2021-06-29,128140.42305419582
2021-06-30,129146.51626742941
2021-07-01,129886.03765204755
2021-07-02,129641.11893289225
2021-07-06,130040.52411635418
2021-07-07,129661.8035937433
2021-07-08,130895.13032962079
2021-07-09,131625.2319659748
2021-07-12,130375.87275341622
2021-07-13,130615.97657681625
2021-07-14,130329.11754254925
2021-07-15,130230.66942039145
2021-07-16,128285.32106070765
2021-07-19,130493.79981237423
2021-07-20,130255.28103013613
2021-07-21,130158.41130678743
2021-07-22,131500.66005373283
2021-07-23,131026.14966860588
2021-07-26,131107.71266836446
2021-07-27,130959.89319188008
2021-07-28,131198.43989958614
2021-07-29,131347.02166708643
2021-07-30,131266.12394552666
2021-08-02,132341.26375376037
2021-08-03,132263.9589753478
2021-08-04,132707.95597935613
2021-08-05,132500.6650116029
2021-08-06,132077.3315197197
2021-08-09,131092.4759292408
2021-08-10,130973.0614258351
2021-08-11,131663.80989946675
2021-08-12,132402.76440075823
2021-08-13,132991.56673758724
2021-08-16,132579.24254655352
2021-08-17,130793.31932813776
2021-08-18,131826.05194094093
2021-08-19,132912.04448073066
2021-08-20,133547.12632026235
2021-08-23,133222.35977314404
2021-08-24,133024.85303524535
2021-08-25,132344.40284352552
2021-08-26,133009.8070492816
2021-08-27,134196.44216701333
2021-08-30,133649.27387160508
2021-08-31,133726.205664144
2021-09-01,134012.1451278838
2021-09-02,134271.62559279925
2021-09-03,133997.66523721136
2021-09-07,133644.3227764976
2021-09-08,132674.55230547514
2021-09-09,131358.49665771594
2021-09-10,131315.8267953009
2021-09-13,130711.53842920375
2021-09-14,131546.60652471826
2021-09-15,131271.0338644767
2021-09-16,129739.1532916603
2021-09-17,128013.96615447411
2021-09-20,128068.67442571359
2021-09-21,128651.09135801229
2021-09-22,129354.4392425872
2021-09-23,128916.48120246848
2021-09-24,127444.12014023245
2021-09-27,124509.25921906433
2021-09-28,124577.94222470667
2021-09-29,122556.90137027288
2021-09-30,124507.2951366013
2021-10-01,123518.49558094786
2021-10-04,124869.95434700768
2021-10-05,125064.7471191079
2021-10-06,125586.64182909613
2021-10-07,127635.6363970029
2021-10-08,127115.5306787459
2021-10-11,127082.25757409411
2021-10-12,126986.30978164685
2021-10-13,128535.6219039695
2021-10-14,128850.22775240234
2021-10-15,128766.41969784812
2021-10-18,130155.46631426181
2021-10-19,131230.65302247994
2021-10-20,129958.86517777713
2021-10-21,131268.3067381706
2021-10-22,132033.34070704796
2021-10-25,132703.72911208935
2021-10-26,130495.18875015371
2021-10-27,131877.56689405133
2021-10-28,131258.704129084
2021-10-29,133201.1624245559
2021-11-01,132273.28296935133
2021-11-02,133331.45311048828
2021-11-03,134400.59683692735
2021-11-04,135546.2730709523
2021-11-05,134424.58952259968
2021-11-08,133562.1654241043
2021-11-09,131500.37876786123
2021-11-10,131470.6945373697
2021-11-11,131608.15999532686
2021-11-12,132123.13632504197
2021-11-15,133132.6904777271
2021-11-16,132659.2818947792
2021-11-17,133733.8676727458
2021-11-18,132588.61718961134
2021-11-19,132278.46086220362
2021-11-22,132577.9700131353
2021-11-23,133176.32394886087
2021-11-24,128886.73490569764
2021-11-26,130522.22565497122
2021-11-29,128215.12135081395
2021-11-30,126216.54803427443
2021-12-01,128734.5752958418
2021-12-02,127077.96469663327
2021-12-03,128806.91162507927
2021-12-06,131796.3204862787
2021-12-07,131996.5701767349
2021-12-08,130188.53196677449
2021-12-09,131338.4212088099
2021-12-10,128893.17003921134
2021-12-13,127827.49104239268
2021-12-14,129043.25215138319
2021-12-15,128379.08884089378
2021-12-16,126460.3412366373
2021-12-17,125267.70772877191
2021-12-20,125766.73197434362
2021-12-21,126876.71081958993
2021-12-22,127136.81866552835
2021-12-23,129060.53981503754
2021-12-27,129165.39506353794
2021-12-28,129661.39518730777
2021-12-29,129510.49804307395
2021-12-30,129510.49804307395
