Date,Adj Close,Close,High,Low,Open,Volume
,VIX,VIX,VIX,VIX,VIX,VIX
2014-12-04,28447.69921875,28447.69921875,30096.900390625,27953.0,28200.400390625,811330
2014-12-05,26056.5,26056.5,27540.69921875,25974.0,26551.19921875,377529
2014-12-08,23582.80078125,23582.80078125,26056.5,23582.80078125,25231.900390625,367585
2014-12-09,21274.0,21274.0,23582.80078125,21274.0,23582.80078125,570963
2014-12-10,19295.0,19295.0,20202.0,19212.5,19789.69921875,539795
2014-12-11,17728.30078125,17728.30078125,19295.0,17398.5,18635.30078125,1053637
2014-12-12,19047.599609375,19047.599609375,19295.0,17233.599609375,17645.80078125,1117064
2014-12-15,19212.5,19212.5,19872.19921875,18800.19921875,19377.400390625,1274964
2014-12-16,17480.900390625,17480.900390625,19047.599609375,17316.0,18552.900390625,857050
2014-12-17,16409.0,16409.0,17728.30078125,16079.2001953125,16573.900390625,1354314
2014-12-18,17563.400390625,17563.400390625,17645.80078125,16491.400390625,16491.400390625,662974
2014-12-19,16738.80078125,16738.80078125,17563.400390625,16161.599609375,17316.0,518451
2014-12-22,16821.30078125,16821.30078125,17233.599609375,16079.2001953125,16491.400390625,1007310
2014-12-23,18470.400390625,18470.400390625,18470.400390625,16491.400390625,16491.400390625,1508297
2014-12-24,18800.19921875,18800.19921875,20037.099609375,18470.400390625,19954.599609375,1577424
2014-12-26,17068.599609375,17068.599609375,18305.5,16986.19921875,17893.19921875,700848
2014-12-29,15914.2001953125,15914.2001953125,17893.19921875,15419.5,16491.400390625,1454027
2014-12-30,16409.0,16409.0,17233.599609375,14594.900390625,15666.900390625,1217844
2014-12-31,16903.69921875,16903.69921875,17480.900390625,15914.2001953125,15914.2001953125,796555
2015-01-02,16903.69921875,16903.69921875,16903.69921875,16903.69921875,16903.69921875,0
2015-01-05,16821.30078125,16821.30078125,17316.0,16491.400390625,16491.400390625,396691
2015-01-06,18470.400390625,18470.400390625,18470.400390625,15666.900390625,16491.400390625,1063824
2015-01-07,19872.19921875,19872.19921875,20284.5,18965.19921875,20284.5,1314257
2015-01-08,20119.599609375,20119.599609375,21521.30078125,19377.400390625,19377.400390625,926165
2015-01-09,20614.30078125,20614.30078125,21356.400390625,20119.599609375,20614.30078125,550952
2015-01-12,18965.19921875,18965.19921875,21026.599609375,18717.80078125,21026.599609375,634632
2015-01-13,19707.30078125,19707.30078125,20037.099609375,17728.30078125,18140.599609375,871992
2015-01-14,20119.599609375,20119.599609375,20449.400390625,18965.19921875,18965.19921875,1372020
2015-01-15,22098.5,22098.5,22098.5,19624.80078125,20119.599609375,1815717
2015-01-16,21521.30078125,21521.30078125,22923.099609375,21438.900390625,22428.400390625,1239428
2015-01-20,21109.0,21109.0,21521.30078125,20944.099609375,21109.0,519663
2015-01-21,21109.0,21109.0,22181.0,21026.599609375,21109.0,674289
2015-01-22,21026.599609375,21026.599609375,21438.900390625,20614.30078125,21191.5,421406
2015-01-23,21851.19921875,21851.19921875,21933.599609375,20861.69921875,21851.19921875,891905
2015-01-26,22016.099609375,22016.099609375,22758.19921875,21026.599609375,22181.0,654764
2015-01-27,21438.900390625,21438.900390625,22181.0,20944.099609375,22016.099609375,1206929
2015-01-28,21438.900390625,21438.900390625,21851.19921875,20944.099609375,21026.599609375,366614
2015-01-29,22758.19921875,22758.19921875,22758.19921875,20614.30078125,21026.599609375,680280
2015-01-30,22923.099609375,22923.099609375,23252.900390625,21851.19921875,21933.599609375,741960
2015-02-02,22840.69921875,22840.69921875,24984.5,22263.5,22263.5,506444
2015-02-03,22428.400390625,22428.400390625,24489.80078125,22263.5,22263.5,456855
2015-02-04,21356.400390625,21356.400390625,22428.400390625,21274.0,22428.400390625,744022
2015-02-05,20531.80078125,20531.80078125,21356.400390625,20366.900390625,21109.0,1263200
2015-02-06,20614.30078125,20614.30078125,21356.400390625,20202.0,20202.0,521737
2015-02-09,19459.900390625,19459.900390625,21026.599609375,19295.0,20614.30078125,815425
2015-02-10,18635.30078125,18635.30078125,20202.0,18140.599609375,20202.0,1228273
2015-02-11,19459.900390625,19459.900390625,19459.900390625,17480.900390625,17810.80078125,559563
2015-02-12,19212.5,19212.5,19872.19921875,18965.19921875,19130.099609375,647497
2015-02-13,18717.80078125,18717.80078125,19212.5,18635.30078125,18965.19921875,695512
2015-02-18,18717.80078125,18717.80078125,18717.80078125,18717.80078125,18717.80078125,0
2015-02-19,18717.80078125,18717.80078125,18717.80078125,18717.80078125,18717.80078125,0
2015-02-20,18717.80078125,18717.80078125,18717.80078125,18717.80078125,18717.80078125,0
2015-02-23,18717.80078125,18717.80078125,18717.80078125,18717.80078125,18717.80078125,0
2015-02-24,18717.80078125,18717.80078125,18717.80078125,18717.80078125,18717.80078125,0
2015-02-25,17233.599609375,17233.599609375,19212.5,16903.69921875,18223.0,2087919
2015-02-26,16491.400390625,16491.400390625,17563.400390625,16161.599609375,17068.599609375,2290036
2015-02-27,16573.900390625,16573.900390625,17398.5,15419.5,16573.900390625,2978108
2015-03-02,16409.0,16409.0,16821.30078125,16161.599609375,16244.099609375,1363737
2015-03-03,16244.099609375,16244.099609375,16738.80078125,15419.5,16244.099609375,2141619
2015-03-04,13440.5,13440.5,13440.5,13440.5,13440.5,691146
2015-03-05,13770.400390625,13770.400390625,14759.7998046875,13687.900390625,14759.7998046875,2668293
2015-03-06,13110.7001953125,13110.7001953125,13852.7998046875,12945.7998046875,13770.400390625,2289708
2015-03-09,12698.400390625,12698.400390625,13028.2001953125,12203.7001953125,12945.7998046875,3333850
2015-03-10,13028.2001953125,13028.2001953125,13275.599609375,12368.599609375,12451.0,1262594
2015-03-11,12698.400390625,12698.400390625,12945.7998046875,12698.400390625,12863.2998046875,929136
2015-03-12,12945.7998046875,12945.7998046875,12945.7998046875,12368.599609375,12533.5,841527
2015-03-13,12945.7998046875,12945.7998046875,13110.7001953125,12698.400390625,12780.900390625,801385
2015-03-16,12698.400390625,12698.400390625,12945.7998046875,12616.0,12945.7998046875,897556
2015-03-17,13028.2001953125,13028.2001953125,13110.7001953125,12368.599609375,12451.0,1163161
2015-03-18,12863.2998046875,12863.2998046875,13028.2001953125,12698.400390625,12863.2998046875,916233
2015-03-19,12698.400390625,12698.400390625,13110.7001953125,12698.400390625,12698.400390625,1280688
2015-03-20,12698.400390625,12698.400390625,12780.900390625,12368.599609375,12451.0,670772
2015-03-23,12616.0,12616.0,13028.2001953125,12451.0,12616.0,910411
2015-03-24,12616.0,12616.0,12616.0,12616.0,12616.0,0
2015-03-25,12616.0,12616.0,12616.0,12616.0,12616.0,0
2015-03-26,12616.0,12616.0,12616.0,12616.0,12616.0,0
2015-03-27,12616.0,12616.0,12616.0,12616.0,12616.0,0
2015-03-30,12616.0,12616.0,12616.0,12616.0,12616.0,0
2015-03-31,12616.0,12616.0,12616.0,12616.0,12616.0,0
2015-04-01,12616.0,12616.0,12616.0,12616.0,12616.0,0
2015-04-02,12616.0,12616.0,12616.0,12616.0,12616.0,0
2015-04-06,12616.0,12616.0,12616.0,12616.0,12616.0,0
2015-04-07,12616.0,12616.0,12616.0,12616.0,12616.0,0
2015-04-08,12616.0,12616.0,12616.0,12616.0,12616.0,0
2015-04-09,12616.0,12616.0,12616.0,12616.0,12616.0,0
2015-04-10,12616.0,12616.0,12616.0,12616.0,12616.0,0
2015-04-13,12616.0,12616.0,12616.0,12616.0,12616.0,0
2015-04-14,12616.0,12616.0,12616.0,12616.0,12616.0,0
2015-04-15,12616.0,12616.0,12616.0,12616.0,12616.0,0
2015-04-16,12616.0,12616.0,12616.0,12616.0,12616.0,0
2015-04-17,12616.0,12616.0,12616.0,12616.0,12616.0,0
2015-04-20,12616.0,12616.0,12616.0,12616.0,12616.0,0
2015-04-21,12616.0,12616.0,12616.0,12616.0,12616.0,0
2015-04-22,12616.0,12616.0,12616.0,12616.0,12616.0,0
2015-04-23,12616.0,12616.0,12616.0,12616.0,12616.0,0
2015-04-24,12616.0,12616.0,12616.0,12616.0,12616.0,0
2015-04-27,12616.0,12616.0,12616.0,12616.0,12616.0,0
2015-04-28,12616.0,12616.0,12616.0,12616.0,12616.0,0
2015-04-29,12616.0,12616.0,12616.0,12616.0,12616.0,0
2015-04-30,12616.0,12616.0,12616.0,12616.0,12616.0,0
2015-05-01,12616.0,12616.0,12616.0,12616.0,12616.0,0
2015-05-04,12616.0,12616.0,12616.0,12616.0,12616.0,0
2015-05-05,12616.0,12616.0,12616.0,12616.0,12616.0,0
2015-05-06,12616.0,12616.0,12616.0,12616.0,12616.0,0
2015-05-07,12616.0,12616.0,12616.0,12616.0,12616.0,0
2015-05-08,12616.0,12616.0,12616.0,12616.0,12616.0,0
2015-05-11,12616.0,12616.0,12616.0,12616.0,12616.0,0
2015-05-12,12616.0,12616.0,12616.0,12616.0,12616.0,0
2015-05-13,12616.0,12616.0,12616.0,12616.0,12616.0,0
2015-05-14,12616.0,12616.0,12616.0,12616.0,12616.0,0
2015-05-15,12616.0,12616.0,12616.0,12616.0,12616.0,0
2015-05-18,12616.0,12616.0,12616.0,12616.0,12616.0,0
2015-05-19,12616.0,12616.0,12616.0,12616.0,12616.0,0
2015-05-20,12616.0,12616.0,12616.0,12616.0,12616.0,0
2015-05-21,7998.35009765625,7998.35009765625,7998.35009765625,7503.60986328125,7668.52001953125,2720077
2015-05-22,8740.4697265625,8740.4697265625,8740.4697265625,7998.35009765625,8245.7197265625,2801489
2015-05-26,8987.83984375,8987.83984375,10389.599609375,8987.83984375,10389.599609375,2989429
2015-05-27,9647.5,9647.5,9812.41015625,8740.4697265625,9070.2900390625,2622948
2015-05-28,10059.7998046875,10059.7998046875,10472.099609375,9647.5,9894.8701171875,1846933
2015-05-29,9482.580078125,9482.580078125,10142.2001953125,9317.669921875,10142.2001953125,1543831
2015-06-01,9565.0400390625,9565.0400390625,10142.2001953125,9400.1201171875,9482.580078125,1508261
2015-06-02,9647.5,9647.5,9977.3203125,9565.0400390625,9565.0400390625,1448803
2015-06-03,9894.8701171875,9894.8701171875,9977.3203125,9647.5,9729.9501953125,955404
2015-06-04,10884.400390625,10884.400390625,10884.400390625,9894.8701171875,9894.8701171875,2533265
2015-06-05,11544.0,11544.0,11791.400390625,11131.7001953125,11379.099609375,3075595
2015-06-08,11379.099609375,11379.099609375,12038.7998046875,11379.099609375,11791.400390625,2134998
2015-06-09,10801.900390625,10801.900390625,11461.599609375,10307.2001953125,11379.099609375,3379207
2015-06-10,10637.0,10637.0,10884.400390625,10307.2001953125,10389.599609375,1222488
2015-06-11,10472.099609375,10472.099609375,11049.2998046875,10389.599609375,10637.0,1218911
2015-06-12,10801.900390625,10801.900390625,10966.7998046875,10389.599609375,10719.400390625,2393504
2015-06-15,10637.0,10637.0,11049.2998046875,10389.599609375,10801.900390625,1065025
2015-06-16,9812.41015625,9812.41015625,10719.400390625,9812.41015625,10637.0,1482866
2015-06-17,9317.669921875,9317.669921875,9977.3203125,9317.669921875,9812.41015625,1804390
2015-06-18,9647.5,9647.5,9729.9501953125,8493.08984375,8658.009765625,1109788
2015-06-19,9317.669921875,9317.669921875,9729.9501953125,9235.2099609375,9565.0400390625,1223556
2015-06-22,9482.580078125,9482.580078125,9647.5,8905.3798828125,9317.669921875,734611
2015-06-23,9400.1201171875,9400.1201171875,9565.0400390625,9317.669921875,9317.669921875,518230
2015-06-24,9070.2900390625,9070.2900390625,9482.580078125,9070.2900390625,9152.75,3478191
2015-06-25,8658.009765625,8658.009765625,9152.75,8658.009765625,9070.2900390625,2349036
2015-06-26,9482.580078125,9482.580078125,9482.580078125,8493.08984375,8987.83984375,3658745
2015-06-29,9894.8701171875,9894.8701171875,10307.2001953125,9647.5,10059.7998046875,3638177
2015-06-30,9235.2099609375,9235.2099609375,9894.8701171875,9235.2099609375,9812.41015625,2204072
2015-07-01,9317.669921875,9317.669921875,9894.8701171875,8493.08984375,9070.2900390625,2637974
2015-07-02,9647.5,9647.5,9729.9501953125,8987.83984375,9482.580078125,2225651
2015-07-06,9812.41015625,9812.41015625,9894.8701171875,9400.1201171875,9400.1201171875,3223744
2015-07-07,9565.0400390625,9565.0400390625,9812.41015625,9482.580078125,9647.5,2374261
2015-07-08,9235.2099609375,9235.2099609375,9729.9501953125,9070.2900390625,9400.1201171875,2974524
2015-07-09,9235.2099609375,9235.2099609375,9317.669921875,8905.3798828125,9070.2900390625,2095765
2015-07-10,8987.83984375,8987.83984375,9482.580078125,8987.83984375,9235.2099609375,2187461
2015-07-13,8575.5498046875,8575.5498046875,9070.2900390625,8575.5498046875,8740.4697265625,2364317
2015-07-14,8822.919921875,8822.919921875,8987.83984375,8163.27001953125,8163.27001953125,2493657
2015-07-15,8410.6396484375,8410.6396484375,8822.919921875,7998.35009765625,7998.35009765625,1315373
2015-07-16,8163.27001953125,8163.27001953125,8410.6396484375,7586.06005859375,7586.06005859375,1307830
2015-07-17,8163.27001953125,8163.27001953125,8493.08984375,7421.14990234375,7421.14990234375,1006728
2015-07-20,7998.35009765625,7998.35009765625,8163.27001953125,7833.43994140625,8080.81005859375,1222573
2015-07-21,7668.52001953125,7668.52001953125,7998.35009765625,7586.06005859375,7750.97998046875,1179593
2015-07-22,7915.89013671875,7915.89013671875,8163.27001953125,7503.60986328125,7586.06005859375,1773780
2015-07-23,7750.97998046875,7750.97998046875,7998.35009765625,7750.97998046875,7998.35009765625,1066768
2015-07-24,7915.89013671875,7915.89013671875,8080.81005859375,7421.14990234375,7421.14990234375,1207123
2015-07-27,7668.52001953125,7668.52001953125,7998.35009765625,7173.77978515625,7173.77978515625,1013495
2015-07-28,7750.97998046875,7750.97998046875,8163.27001953125,7338.68994140625,7338.68994140625,1989165
2015-07-29,7915.89013671875,7915.89013671875,7915.89013671875,7421.14990234375,7421.14990234375,614537
2015-07-30,8575.5498046875,8575.5498046875,8658.009765625,7833.43994140625,7915.89013671875,2359260
2015-07-31,8163.27001953125,8163.27001953125,8740.4697265625,8163.27001953125,8575.5498046875,1711194
2015-08-03,7750.97998046875,7750.97998046875,8163.27001953125,7421.14990234375,7421.14990234375,1252528
2015-08-04,7833.43994140625,7833.43994140625,7998.35009765625,7008.85986328125,7008.85986328125,956253
2015-08-05,8080.81005859375,8080.81005859375,8163.27001953125,7091.31982421875,7091.31982421875,925692
2015-08-06,7915.89013671875,7915.89013671875,8163.27001953125,7915.89013671875,8080.81005859375,1185221
2015-08-07,7915.89013671875,7915.89013671875,7998.35009765625,7503.60986328125,7503.60986328125,880869
2015-08-10,7833.43994140625,7833.43994140625,8080.81005859375,7503.60986328125,7503.60986328125,1088322
2015-08-11,7998.35009765625,7998.35009765625,8245.7197265625,7915.89013671875,7915.89013671875,1888797
2015-08-12,7833.43994140625,7833.43994140625,8080.81005859375,7256.240234375,7256.240234375,987821
2015-08-13,7668.52001953125,7668.52001953125,8575.5498046875,7503.60986328125,8575.5498046875,1314864
2015-08-14,7668.52001953125,7668.52001953125,7750.97998046875,7503.60986328125,7668.52001953125,1217492
2015-08-17,7503.60986328125,7503.60986328125,7833.43994140625,7338.68994140625,7668.52001953125,1268306
2015-08-18,7668.52001953125,7668.52001953125,8245.7197265625,7421.14990234375,8245.7197265625,690940
2015-08-19,7586.06005859375,7586.06005859375,8080.81005859375,7338.68994140625,8080.81005859375,1926817
2015-08-20,7256.240234375,7256.240234375,7833.43994140625,7256.240234375,7833.43994140625,1094507
2015-08-21,6843.9501953125,6843.9501953125,7915.89013671875,6596.580078125,7915.89013671875,2505869
2015-08-24,6184.2900390625,6184.2900390625,6761.490234375,6184.2900390625,6761.490234375,2097087
2015-08-25,5772.009765625,5772.009765625,6266.75,5607.08984375,5607.08984375,2736570
2015-08-26,6349.2099609375,6349.2099609375,6349.2099609375,5194.81005859375,5194.81005859375,2568459
2015-08-27,6926.41015625,6926.41015625,6926.41015625,6679.0400390625,6926.41015625,3820405
2015-08-28,6926.41015625,6926.41015625,7586.06005859375,6679.0400390625,7586.06005859375,2085445
2015-08-31,6679.0400390625,6679.0400390625,7421.14990234375,6596.580078125,7421.14990234375,1625224
2015-09-01,6596.580078125,6596.580078125,7338.68994140625,6514.1201171875,7338.68994140625,1237490
2015-09-02,6596.580078125,6596.580078125,6596.580078125,6596.580078125,6596.580078125,0
2015-09-03,6679.0400390625,6679.0400390625,7173.77978515625,6596.580078125,7173.77978515625,2444110
2015-09-04,6596.580078125,6596.580078125,7256.240234375,6596.580078125,7256.240234375,756999
2015-09-08,6761.490234375,6761.490234375,6761.490234375,6431.66015625,6431.66015625,1346516
2015-09-09,6679.0400390625,6679.0400390625,7338.68994140625,6679.0400390625,7338.68994140625,1562022
2015-09-10,6926.41015625,6926.41015625,7256.240234375,6596.580078125,7256.240234375,2472070
2015-09-11,7091.31982421875,7091.31982421875,7503.60986328125,6843.9501953125,7008.85986328125,3337646
2015-09-14,6761.490234375,6761.490234375,7750.97998046875,6761.490234375,7750.97998046875,1044905
2015-09-15,6926.41015625,6926.41015625,7008.85986328125,6761.490234375,6761.490234375,1917855
2015-09-16,6926.41015625,6926.41015625,7421.14990234375,6761.490234375,7421.14990234375,1178308
2015-09-17,6843.9501953125,6843.9501953125,7338.68994140625,6843.9501953125,7338.68994140625,1135073
2015-09-18,6926.41015625,6926.41015625,7256.240234375,6926.41015625,7173.77978515625,1413242
2015-09-21,7091.31982421875,7091.31982421875,7586.06005859375,6843.9501953125,7586.06005859375,2265784
2015-09-22,7437.64013671875,7437.64013671875,7709.75,7437.64013671875,7709.75,3494561
2015-09-23,7619.0498046875,7619.0498046875,8072.56005859375,7346.93994140625,8072.56005859375,923785
2015-09-24,7800.4501953125,7800.4501953125,8072.56005859375,6893.419921875,6893.419921875,2846732
2015-09-25,7619.0498046875,7619.0498046875,7800.4501953125,7619.0498046875,7709.75,1004609
2015-09-28,7256.240234375,7256.240234375,7619.0498046875,7256.240234375,7619.0498046875,1214624
2015-09-29,7437.64013671875,7437.64013671875,7437.64013671875,7165.52978515625,7256.240234375,1674698
2015-09-30,7346.93994140625,7346.93994140625,7528.33984375,7346.93994140625,7528.33984375,1103184
2015-10-01,7437.64013671875,7437.64013671875,7528.33984375,7346.93994140625,7437.64013671875,763592
2015-10-02,7346.93994140625,7346.93994140625,7437.64013671875,7256.240234375,7437.64013671875,756756
2015-10-05,7346.93994140625,7346.93994140625,7437.64013671875,7256.240234375,7346.93994140625,790823
2015-10-06,7709.75,7709.75,7709.75,7437.64013671875,7437.64013671875,1998943
2015-10-07,7437.64013671875,7437.64013671875,7800.4501953125,7437.64013671875,7709.75,875936
2015-10-08,7619.0498046875,7619.0498046875,7800.4501953125,7437.64013671875,7528.33984375,2227656
2015-10-09,7528.33984375,7528.33984375,7709.75,7437.64013671875,7619.0498046875,881559
2015-10-12,7528.33984375,7528.33984375,7709.75,7437.64013671875,7528.33984375,1252330
2015-10-13,7437.64013671875,7437.64013671875,7528.33984375,7437.64013671875,7528.33984375,992140
2015-10-14,7346.93994140625,7346.93994140625,7528.33984375,7256.240234375,7528.33984375,822575
2015-10-15,7346.93994140625,7346.93994140625,7437.64013671875,7256.240234375,7346.93994140625,577710
2015-10-16,7346.93994140625,7346.93994140625,7528.33984375,7346.93994140625,7437.64013671875,1016505
2015-10-19,7346.93994140625,7346.93994140625,7437.64013671875,7256.240234375,7346.93994140625,595240
2015-10-20,7256.240234375,7256.240234375,7346.93994140625,7165.52978515625,7346.93994140625,738012
2015-10-21,6984.1298828125,6984.1298828125,7256.240234375,6984.1298828125,7256.240234375,993154
2015-10-22,7165.52978515625,7165.52978515625,7165.52978515625,6893.419921875,6893.419921875,781893
2015-10-23,7165.52978515625,7165.52978515625,7256.240234375,7074.830078125,7256.240234375,989064
2015-10-26,6893.419921875,6893.419921875,7165.52978515625,6893.419921875,7165.52978515625,803722
2015-10-27,6893.419921875,6893.419921875,6984.1298828125,6893.419921875,6893.419921875,865352
2015-10-28,6712.02001953125,6712.02001953125,6984.1298828125,6712.02001953125,6893.419921875,1281921
2015-10-29,6984.1298828125,6984.1298828125,6984.1298828125,6712.02001953125,6802.72021484375,2316341
2015-10-30,6802.72021484375,6802.72021484375,7074.830078125,6802.72021484375,7074.830078125,695016
2015-11-02,6802.72021484375,6802.72021484375,7437.64013671875,6712.02001953125,7437.64013671875,1135354
2015-11-03,6802.72021484375,6802.72021484375,6802.72021484375,6712.02001953125,6802.72021484375,1003275
2015-11-04,6802.72021484375,6802.72021484375,7165.52978515625,6712.02001953125,7165.52978515625,1066228
2015-11-05,6893.419921875,6893.419921875,6893.419921875,6712.02001953125,6712.02001953125,484218
2015-11-06,6621.31982421875,6621.31982421875,6893.419921875,6621.31982421875,6893.419921875,738344
2015-11-09,6621.31982421875,6621.31982421875,6802.72021484375,6621.31982421875,6621.31982421875,621590
2015-11-10,6530.60986328125,6530.60986328125,6621.31982421875,6439.91015625,6621.31982421875,817394
2015-11-11,6349.2099609375,6349.2099609375,6621.31982421875,6349.2099609375,6530.60986328125,785564
2015-11-12,6349.2099609375,6349.2099609375,6439.91015625,6167.7998046875,6349.2099609375,547060
2015-11-13,6258.5,6258.5,6349.2099609375,6258.5,6258.5,520600
2015-11-16,6802.72021484375,6802.72021484375,6802.72021484375,6349.2099609375,6349.2099609375,2716939
2015-11-17,6712.02001953125,6712.02001953125,7165.52978515625,6712.02001953125,6893.419921875,1779137
2015-11-18,6712.02001953125,6712.02001953125,6802.72021484375,6712.02001953125,6712.02001953125,687740
2015-11-19,6893.419921875,6893.419921875,6893.419921875,6621.31982421875,6712.02001953125,1444275
2015-11-20,6893.419921875,6893.419921875,6984.1298828125,6712.02001953125,6893.419921875,991148
2015-11-23,7165.52978515625,7165.52978515625,7346.93994140625,6984.1298828125,6984.1298828125,2890608
2015-11-24,7074.830078125,7074.830078125,7256.240234375,6984.1298828125,7256.240234375,974830
2015-11-25,7437.64013671875,7437.64013671875,7709.75,6621.31982421875,6984.1298828125,3418193
2015-11-27,7074.830078125,7074.830078125,7528.33984375,7074.830078125,7437.64013671875,2090526
2015-11-30,6802.72021484375,6802.72021484375,7074.830078125,6802.72021484375,6984.1298828125,1839157
2015-12-01,6712.02001953125,6712.02001953125,6893.419921875,6621.31982421875,6712.02001953125,1232738
2015-12-02,6802.72021484375,6802.72021484375,6893.419921875,6712.02001953125,6802.72021484375,1218020
2015-12-03,6893.419921875,6893.419921875,7074.830078125,6712.02001953125,6802.72021484375,1540800
2015-12-04,6802.72021484375,6802.72021484375,6893.419921875,6712.02001953125,6893.419921875,630117
2015-12-07,6802.72021484375,6802.72021484375,6802.72021484375,6621.31982421875,6802.72021484375,679079
2015-12-08,6802.72021484375,6802.72021484375,6802.72021484375,6621.31982421875,6712.02001953125,692916
2015-12-09,6712.02001953125,6712.02001953125,6984.1298828125,6712.02001953125,6802.72021484375,1586707
2015-12-10,6439.91015625,6439.91015625,6712.02001953125,6439.91015625,6712.02001953125,1046173
2015-12-11,6530.60986328125,6530.60986328125,6712.02001953125,6439.91015625,6530.60986328125,1623156
2015-12-14,6439.91015625,6439.91015625,6621.31982421875,6439.91015625,6621.31982421875,786038
2015-12-15,6712.02001953125,6712.02001953125,6712.02001953125,6439.91015625,6621.31982421875,487944
2015-12-16,6621.31982421875,6621.31982421875,6893.419921875,6621.31982421875,6712.02001953125,1148310
2015-12-17,6621.31982421875,6621.31982421875,6802.72021484375,6530.60986328125,6712.02001953125,935251
2015-12-18,6530.60986328125,6530.60986328125,6712.02001953125,6530.60986328125,6530.60986328125,854449
2015-12-21,6439.91015625,6439.91015625,6530.60986328125,6349.2099609375,6530.60986328125,738488
2015-12-22,6439.91015625,6439.91015625,6621.31982421875,6349.2099609375,6439.91015625,647278
2015-12-23,6349.2099609375,6349.2099609375,7074.830078125,6258.5,7074.830078125,457449
2015-12-24,6349.2099609375,6349.2099609375,6530.60986328125,6349.2099609375,6439.91015625,453513
2015-12-28,6077.10009765625,6077.10009765625,6349.2099609375,6077.10009765625,6258.5,1065103
2015-12-29,6167.7998046875,6167.7998046875,6258.5,5895.68994140625,6077.10009765625,1206510
2015-12-30,6258.5,6258.5,6621.31982421875,6167.7998046875,6621.31982421875,637565
2015-12-31,6167.7998046875,6167.7998046875,6802.72021484375,6167.7998046875,6802.72021484375,389282
2016-01-04,6077.10009765625,6077.10009765625,6258.5,6077.10009765625,6258.5,725136
2016-01-05,5895.68994140625,5895.68994140625,6077.10009765625,5895.68994140625,6077.10009765625,1114639
2016-01-06,5986.39013671875,5986.39013671875,6077.10009765625,5895.68994140625,6077.10009765625,499168
2016-01-07,5623.580078125,5623.580078125,6530.60986328125,5623.580078125,6530.60986328125,1312736
2016-01-08,5351.47021484375,5351.47021484375,6167.7998046875,5260.77001953125,6167.7998046875,1425985
2016-01-11,5351.47021484375,5351.47021484375,5442.18017578125,5260.77001953125,5351.47021484375,565042
2016-01-12,5804.990234375,5804.990234375,5804.990234375,5260.77001953125,5351.47021484375,1205110
2016-01-13,5804.990234375,5804.990234375,6077.10009765625,5714.2900390625,5714.2900390625,1593565
2016-01-14,5532.8798828125,5532.8798828125,5714.2900390625,5442.18017578125,5714.2900390625,1117266
2016-01-15,5351.47021484375,5351.47021484375,5623.580078125,5351.47021484375,5442.18017578125,847315
2016-01-19,5170.06982421875,5170.06982421875,5170.06982421875,4988.66015625,4988.66015625,971137
2016-01-20,5260.77001953125,5260.77001953125,5532.8798828125,4988.66015625,5170.06982421875,1407121
2016-01-21,5260.77001953125,5260.77001953125,5442.18017578125,5170.06982421875,5170.06982421875,1217193
2016-01-22,5442.18017578125,5442.18017578125,5532.8798828125,5170.06982421875,5351.47021484375,1461309
2016-01-25,5895.68994140625,5895.68994140625,5986.39013671875,5532.8798828125,5532.8798828125,1449170
2016-01-26,5532.8798828125,5532.8798828125,5804.990234375,5532.8798828125,5804.990234375,1402623
2016-01-27,5804.990234375,5804.990234375,5895.68994140625,5623.580078125,5623.580078125,989913
2016-01-28,5714.2900390625,5714.2900390625,5804.990234375,5623.580078125,5804.990234375,729723
2016-01-29,5714.2900390625,5714.2900390625,5804.990234375,5623.580078125,5714.2900390625,837216
2016-02-01,5623.580078125,5623.580078125,5714.2900390625,5532.8798828125,5714.2900390625,648303
2016-02-02,5532.8798828125,5532.8798828125,5623.580078125,5442.18017578125,5623.580078125,602406
2016-02-03,5532.8798828125,5532.8798828125,5623.580078125,5442.18017578125,5442.18017578125,570764
2016-02-04,5532.8798828125,5532.8798828125,5623.580078125,5532.8798828125,5532.8798828125,350915
2016-02-05,5714.2900390625,5714.2900390625,5714.2900390625,5532.8798828125,5532.8798828125,768608
2016-02-08,5714.2900390625,5714.2900390625,5714.2900390625,5714.2900390625,5714.2900390625,0
2016-02-09,5714.2900390625,5714.2900390625,5714.2900390625,5714.2900390625,5714.2900390625,0
2016-02-10,5714.2900390625,5714.2900390625,5714.2900390625,5714.2900390625,5714.2900390625,0
2016-02-11,5714.2900390625,5714.2900390625,5714.2900390625,5714.2900390625,5714.2900390625,0
2016-02-12,5714.2900390625,5714.2900390625,5714.2900390625,5714.2900390625,5714.2900390625,0
2016-02-16,5714.2900390625,5714.2900390625,5714.2900390625,5623.580078125,5623.580078125,432081
2016-02-17,5714.2900390625,5714.2900390625,5895.68994140625,5623.580078125,5714.2900390625,1156908
2016-02-18,5804.990234375,5804.990234375,5895.68994140625,5714.2900390625,5714.2900390625,878847
2016-02-19,5804.990234375,5804.990234375,5804.990234375,5804.990234375,5804.990234375,0
2016-02-22,5804.990234375,5804.990234375,5804.990234375,5804.990234375,5804.990234375,0
2016-02-23,5804.990234375,5804.990234375,5804.990234375,5804.990234375,5804.990234375,0
2016-02-24,6167.7998046875,6167.7998046875,6258.5,5986.39013671875,5986.39013671875,1121672
2016-02-25,5895.68994140625,5895.68994140625,6167.7998046875,5895.68994140625,6167.7998046875,1067303
2016-02-26,6077.10009765625,6077.10009765625,6077.10009765625,5895.68994140625,5895.68994140625,1079579
2016-02-29,5986.39013671875,5986.39013671875,6167.7998046875,5986.39013671875,5986.39013671875,1190965
2016-03-01,6077.10009765625,6077.10009765625,6077.10009765625,5986.39013671875,5986.39013671875,493060
2016-03-02,6258.5,6258.5,6258.5,6077.10009765625,6077.10009765625,1234381
2016-03-03,6077.10009765625,6077.10009765625,6258.5,6077.10009765625,6258.5,670740
2016-03-04,6077.10009765625,6077.10009765625,6167.7998046875,5986.39013671875,6077.10009765625,858517
2016-03-07,6077.10009765625,6077.10009765625,6167.7998046875,5986.39013671875,6077.10009765625,818298
2016-03-08,6258.5,6258.5,6258.5,6077.10009765625,6077.10009765625,1570070
2016-03-09,6167.7998046875,6167.7998046875,6349.2099609375,6077.10009765625,6258.5,503237
2016-03-10,6258.5,6258.5,6349.2099609375,6077.10009765625,6167.7998046875,1345138
2016-03-11,6439.91015625,6439.91015625,6621.31982421875,6258.5,6258.5,3003810
2016-03-14,6530.60986328125,6530.60986328125,6621.31982421875,6439.91015625,6439.91015625,983287
2016-03-15,6349.2099609375,6349.2099609375,6621.31982421875,6349.2099609375,6621.31982421875,1327070
2016-03-16,6439.91015625,6439.91015625,6439.91015625,6258.5,6258.5,1199101
2016-03-17,6349.2099609375,6349.2099609375,6621.31982421875,6349.2099609375,6439.91015625,961236
2016-03-18,6530.60986328125,6530.60986328125,6712.02001953125,6349.2099609375,6349.2099609375,3162709
2016-03-21,6893.419921875,6893.419921875,7074.830078125,6530.60986328125,6530.60986328125,4583569
2016-03-22,7256.240234375,7256.240234375,7256.240234375,6802.72021484375,6893.419921875,3441432
2016-03-23,7346.93994140625,7346.93994140625,7437.64013671875,7256.240234375,7256.240234375,2246267
2016-03-24,7256.240234375,7256.240234375,7528.33984375,7256.240234375,7346.93994140625,3061290
2016-03-28,6984.1298828125,6984.1298828125,6984.1298828125,6893.419921875,6984.1298828125,1438134
2016-03-29,6712.02001953125,6712.02001953125,6984.1298828125,6621.31982421875,6984.1298828125,908372
2016-03-30,7074.830078125,7074.830078125,7074.830078125,6621.31982421875,6621.31982421875,1729943
2016-03-31,6802.72021484375,6802.72021484375,7074.830078125,6712.02001953125,6984.1298828125,1055842
2016-04-01,7165.52978515625,7165.52978515625,7165.52978515625,6621.31982421875,6712.02001953125,2780207
2016-04-04,6984.1298828125,6984.1298828125,7256.240234375,6984.1298828125,7165.52978515625,939341
2016-04-05,7074.830078125,7074.830078125,7165.52978515625,6893.419921875,6984.1298828125,1327344
2016-04-06,7074.830078125,7074.830078125,7165.52978515625,6984.1298828125,7074.830078125,614754
2016-04-07,6984.1298828125,6984.1298828125,7165.52978515625,6984.1298828125,7074.830078125,893361
2016-04-08,7619.0498046875,7619.0498046875,7619.0498046875,6893.419921875,6984.1298828125,3309261
2016-04-11,7981.85986328125,7981.85986328125,8344.669921875,7709.75,7709.75,4356706
2016-04-12,8163.27001953125,8163.27001953125,8344.669921875,7891.16015625,7981.85986328125,2388292
2016-04-13,8072.56005859375,8072.56005859375,8163.27001953125,7891.16015625,8163.27001953125,1821573
2016-04-14,8253.9697265625,8253.9697265625,8526.080078125,7981.85986328125,8072.56005859375,2116363
2016-04-15,8253.9697265625,8253.9697265625,8253.9697265625,8253.9697265625,8253.9697265625,0
2016-04-18,8253.9697265625,8253.9697265625,8253.9697265625,8253.9697265625,8253.9697265625,0
2016-04-19,8253.9697265625,8253.9697265625,8253.9697265625,8253.9697265625,8253.9697265625,0
2016-04-20,7709.75,7709.75,7800.4501953125,7437.64013671875,7619.0498046875,1518154
2016-04-21,7709.75,7709.75,7891.16015625,7619.0498046875,7800.4501953125,555594
2016-04-22,7981.85986328125,7981.85986328125,8072.56005859375,7709.75,7709.75,1114881
2016-04-26,7981.85986328125,7981.85986328125,8072.56005859375,7800.4501953125,8072.56005859375,965549
2016-04-27,7981.85986328125,7981.85986328125,7981.85986328125,7981.85986328125,7981.85986328125,0
2016-04-28,7981.85986328125,7981.85986328125,7981.85986328125,7981.85986328125,7981.85986328125,0
2016-04-29,7981.85986328125,7981.85986328125,7981.85986328125,7981.85986328125,7981.85986328125,0
2016-05-02,7981.85986328125,7981.85986328125,7981.85986328125,7981.85986328125,7981.85986328125,0
2016-05-03,7981.85986328125,7981.85986328125,7981.85986328125,7981.85986328125,7981.85986328125,0
2016-05-04,7981.85986328125,7981.85986328125,7981.85986328125,7981.85986328125,7981.85986328125,0
2016-05-05,7074.830078125,7074.830078125,7165.52978515625,6984.1298828125,6984.1298828125,614655
2016-05-06,7074.830078125,7074.830078125,7256.240234375,6984.1298828125,7074.830078125,646175
2016-05-09,6712.02001953125,6712.02001953125,7165.52978515625,6712.02001953125,7074.830078125,1348544
2016-05-10,6712.02001953125,6712.02001953125,6712.02001953125,6712.02001953125,6712.02001953125,0
2016-05-11,6712.02001953125,6712.02001953125,6712.02001953125,6712.02001953125,6712.02001953125,0
2016-05-12,6893.419921875,6893.419921875,7074.830078125,6802.72021484375,6984.1298828125,501212
2016-05-13,6802.72021484375,6802.72021484375,6984.1298828125,6712.02001953125,6893.419921875,456656
2016-05-16,6802.72021484375,6802.72021484375,6802.72021484375,6802.72021484375,6802.72021484375,0
2016-05-17,6802.72021484375,6802.72021484375,6802.72021484375,6802.72021484375,6802.72021484375,0
2016-05-18,6802.72021484375,6802.72021484375,6802.72021484375,6802.72021484375,6802.72021484375,0
2016-05-19,6802.72021484375,6802.72021484375,6893.419921875,6712.02001953125,6893.419921875,209883
2016-05-20,6802.72021484375,6802.72021484375,6802.72021484375,6802.72021484375,6802.72021484375,0
2016-05-23,6712.02001953125,6712.02001953125,6893.419921875,6621.31982421875,6802.72021484375,551652
2016-05-24,6802.72021484375,6802.72021484375,6802.72021484375,6621.31982421875,6712.02001953125,288745
2016-05-25,6802.72021484375,6802.72021484375,7074.830078125,6712.02001953125,6802.72021484375,2157835
2016-05-26,6802.72021484375,6802.72021484375,6893.419921875,6621.31982421875,6802.72021484375,557424
2016-05-27,6984.1298828125,6984.1298828125,7074.830078125,6802.72021484375,6984.1298828125,3320950
2016-05-31,6984.1298828125,6984.1298828125,7346.93994140625,6984.1298828125,7346.93994140625,1366009
2016-06-01,7074.830078125,7074.830078125,7256.240234375,6984.1298828125,6984.1298828125,2505887
2016-06-02,7074.830078125,7074.830078125,7165.52978515625,6984.1298828125,7074.830078125,803342
2016-06-03,6984.1298828125,6984.1298828125,7074.830078125,6984.1298828125,7074.830078125,1642901
2016-06-06,6984.1298828125,6984.1298828125,7074.830078125,6893.419921875,6984.1298828125,704012
2016-06-07,6893.419921875,6893.419921875,6984.1298828125,6893.419921875,6984.1298828125,724166
2016-06-08,6984.1298828125,6984.1298828125,7074.830078125,6893.419921875,6984.1298828125,1312493
2016-06-09,6761.89990234375,6761.89990234375,7142.85986328125,6666.669921875,6952.3798828125,1704896
2016-06-10,6761.89990234375,6761.89990234375,6857.14013671875,6761.89990234375,6761.89990234375,791847
2016-06-13,6952.3798828125,6952.3798828125,7142.85986328125,6666.669921875,6666.669921875,2289850
2016-06-14,7238.10009765625,7238.10009765625,7333.330078125,6857.14013671875,6952.3798828125,2200128
2016-06-15,7047.6201171875,7047.6201171875,7238.10009765625,6952.3798828125,7238.10009765625,955678
2016-06-16,7142.85986328125,7142.85986328125,7238.10009765625,6952.3798828125,7047.6201171875,2484531
2016-06-17,7047.6201171875,7047.6201171875,7238.10009765625,7047.6201171875,7142.85986328125,1479046
2016-06-20,6857.14013671875,6857.14013671875,7142.85986328125,6857.14013671875,7047.6201171875,874136
2016-06-21,6857.14013671875,6857.14013671875,7047.6201171875,6761.89990234375,6857.14013671875,2023329
2016-06-22,6666.669921875,6666.669921875,6952.3798828125,6666.669921875,6952.3798828125,822800
2016-06-23,6666.669921875,6666.669921875,6761.89990234375,6666.669921875,6666.669921875,689022
2016-06-24,6190.47998046875,6190.47998046875,6666.669921875,6000.0,6666.669921875,4332174
2016-06-27,6380.9501953125,6380.9501953125,6380.9501953125,6000.0,6190.47998046875,1450144
2016-06-28,6380.9501953125,6380.9501953125,6476.18994140625,6285.7099609375,6285.7099609375,540835
2016-06-29,6666.669921875,6666.669921875,6761.89990234375,6380.9501953125,6380.9501953125,1707678
2016-06-30,6571.43017578125,6571.43017578125,6857.14013671875,6571.43017578125,6666.669921875,1216679
2016-07-01,6476.18994140625,6476.18994140625,6666.669921875,6476.18994140625,6571.43017578125,952466
2016-07-05,7238.10009765625,7238.10009765625,7619.0498046875,7142.85986328125,7142.85986328125,4471359
2016-07-06,7428.56982421875,7428.56982421875,7523.81005859375,7142.85986328125,7238.10009765625,1963041
2016-07-07,7428.56982421875,7428.56982421875,7619.0498046875,7333.330078125,7428.56982421875,1187256
2016-07-08,7333.330078125,7333.330078125,7523.81005859375,7047.6201171875,7428.56982421875,2137244
2016-07-11,6952.3798828125,6952.3798828125,7523.81005859375,6952.3798828125,7428.56982421875,2223639
2016-07-12,7142.85986328125,7142.85986328125,7238.10009765625,6952.3798828125,7047.6201171875,1085900
2016-07-13,7238.10009765625,7238.10009765625,7333.330078125,7238.10009765625,7238.10009765625,1073320
2016-07-14,6952.3798828125,6952.3798828125,7333.330078125,6952.3798828125,7333.330078125,1543955
2016-07-15,7047.6201171875,7047.6201171875,7142.85986328125,6952.3798828125,6952.3798828125,1081048
2016-07-18,7142.85986328125,7142.85986328125,7238.10009765625,7047.6201171875,7142.85986328125,580057
2016-07-19,7238.10009765625,7238.10009765625,7428.56982421875,7047.6201171875,7142.85986328125,1975473
2016-07-20,7142.85986328125,7142.85986328125,7333.330078125,7047.6201171875,7333.330078125,818075
2016-07-21,6952.3798828125,6952.3798828125,7142.85986328125,6952.3798828125,7142.85986328125,737436
2016-07-22,7142.85986328125,7142.85986328125,7142.85986328125,6857.14013671875,6952.3798828125,1570163
2016-07-25,7238.10009765625,7238.10009765625,7238.10009765625,7142.85986328125,7142.85986328125,744230
2016-07-26,7142.85986328125,7142.85986328125,7238.10009765625,7047.6201171875,7142.85986328125,351278
2016-07-27,6952.3798828125,6952.3798828125,7238.10009765625,6952.3798828125,7142.85986328125,718778
2016-07-28,6952.3798828125,6952.3798828125,7142.85986328125,6857.14013671875,7047.6201171875,1150961
2016-07-29,6952.3798828125,6952.3798828125,7047.6201171875,6857.14013671875,6952.3798828125,528987
2016-08-01,6666.669921875,6666.669921875,6857.14013671875,6666.669921875,6857.14013671875,921346
2016-08-02,6380.9501953125,6380.9501953125,6571.43017578125,6285.7099609375,6571.43017578125,1651225
2016-08-03,6571.43017578125,6571.43017578125,6571.43017578125,6380.9501953125,6380.9501953125,983769
2016-08-04,6476.18994140625,6476.18994140625,6571.43017578125,6476.18994140625,6571.43017578125,1068689
2016-08-05,6285.7099609375,6285.7099609375,6380.9501953125,6095.240234375,6380.9501953125,615111
2016-08-08,6190.47998046875,6190.47998046875,6285.7099609375,6190.47998046875,6285.7099609375,241904
2016-08-09,6380.9501953125,6380.9501953125,6380.9501953125,6190.47998046875,6190.47998046875,189593
2016-08-10,6380.9501953125,6380.9501953125,6380.9501953125,6190.47998046875,6380.9501953125,312868
2016-08-11,6476.18994140625,6476.18994140625,6571.43017578125,6285.7099609375,6380.9501953125,575182
2016-08-12,6285.7099609375,6285.7099609375,6476.18994140625,6190.47998046875,6476.18994140625,501640
2016-08-15,6285.7099609375,6285.7099609375,6380.9501953125,6190.47998046875,6190.47998046875,267634
2016-08-16,6380.9501953125,6380.9501953125,6571.43017578125,6285.7099609375,6380.9501953125,663769
2016-08-17,6285.7099609375,6285.7099609375,6380.9501953125,6285.7099609375,6380.9501953125,251659
2016-08-18,6285.7099609375,6285.7099609375,6285.7099609375,6190.47998046875,6285.7099609375,349090
2016-08-19,6095.240234375,6095.240234375,6285.7099609375,6095.240234375,6285.7099609375,489241
2016-08-22,5809.52001953125,5809.52001953125,6095.240234375,5809.52001953125,6095.240234375,783438
2016-08-23,5809.52001953125,5809.52001953125,5904.759765625,5809.52001953125,5809.52001953125,419550
2016-08-24,5809.52001953125,5809.52001953125,6000.0,5809.52001953125,5809.52001953125,371564
2016-08-25,5809.52001953125,5809.52001953125,5904.759765625,5714.2900390625,5809.52001953125,279626
2016-08-26,6095.240234375,6095.240234375,6190.47998046875,5809.52001953125,5809.52001953125,819444
2016-08-29,5809.52001953125,5809.52001953125,6190.47998046875,5809.52001953125,6190.47998046875,318787
2016-08-30,5904.759765625,5904.759765625,5904.759765625,5809.52001953125,5904.759765625,275691
2016-08-31,5809.52001953125,5809.52001953125,6000.0,5809.52001953125,5904.759765625,218510
2016-09-01,5904.759765625,5904.759765625,6000.0,5809.52001953125,5904.759765625,520182
2016-09-02,5904.759765625,5904.759765625,5904.759765625,5904.759765625,5904.759765625,0
2016-09-06,5428.56982421875,5428.56982421875,5619.0498046875,5428.56982421875,5619.0498046875,546435
2016-09-07,5333.330078125,5333.330078125,5428.56982421875,5333.330078125,5428.56982421875,577222
2016-09-08,5428.56982421875,5428.56982421875,5619.0498046875,5333.330078125,5333.330078125,645734
2016-09-09,5714.2900390625,5714.2900390625,5714.2900390625,5428.56982421875,5523.81005859375,914293
2016-09-12,5619.0498046875,5619.0498046875,5714.2900390625,5428.56982421875,5714.2900390625,377372
2016-09-13,5428.56982421875,5428.56982421875,5523.81005859375,5428.56982421875,5523.81005859375,434705
2016-09-14,5142.85986328125,5142.85986328125,5333.330078125,4952.3798828125,4952.3798828125,799507
2016-09-15,5333.330078125,5333.330078125,5333.330078125,5142.85986328125,5142.85986328125,561755
2016-09-16,5238.10009765625,5238.10009765625,5428.56982421875,4857.14013671875,4857.14013671875,726552
2016-09-19,5238.10009765625,5238.10009765625,5428.56982421875,5238.10009765625,5238.10009765625,219208
2016-09-20,5238.10009765625,5238.10009765625,5333.330078125,5238.10009765625,5333.330078125,242927
2016-09-21,5333.330078125,5333.330078125,5333.330078125,5238.10009765625,5333.330078125,180075
2016-09-22,5333.330078125,5333.330078125,5428.56982421875,5238.10009765625,5238.10009765625,319200
2016-09-23,5428.56982421875,5428.56982421875,5619.0498046875,5333.330078125,5333.330078125,438629
2016-09-26,5238.10009765625,5238.10009765625,5523.81005859375,5238.10009765625,5428.56982421875,581338
2016-09-27,5238.10009765625,5238.10009765625,5333.330078125,5238.10009765625,5238.10009765625,237272
2016-09-28,5428.56982421875,5428.56982421875,5619.0498046875,5238.10009765625,5238.10009765625,433632
2016-09-29,5428.56982421875,5428.56982421875,5523.81005859375,5333.330078125,5333.330078125,684946
2016-09-30,5428.56982421875,5428.56982421875,5428.56982421875,5238.10009765625,5428.56982421875,655515
2016-10-03,5238.10009765625,5238.10009765625,5428.56982421875,5238.10009765625,5428.56982421875,419007
2016-10-04,5523.81005859375,5523.81005859375,5714.2900390625,5333.330078125,5333.330078125,1542535
2016-10-05,5714.2900390625,5714.2900390625,5809.52001953125,5523.81005859375,5523.81005859375,852518
2016-10-06,5714.2900390625,5714.2900390625,5809.52001953125,5523.81005859375,5714.2900390625,665287
2016-10-07,5619.0498046875,5619.0498046875,5809.52001953125,5619.0498046875,5714.2900390625,631850
2016-10-10,5619.0498046875,5619.0498046875,5714.2900390625,5523.81005859375,5619.0498046875,390887
2016-10-11,5619.0498046875,5619.0498046875,5619.0498046875,5523.81005859375,5619.0498046875,491190
2016-10-12,5619.0498046875,5619.0498046875,5809.52001953125,5619.0498046875,5619.0498046875,696184
2016-10-13,5904.759765625,5904.759765625,6000.0,5714.2900390625,5809.52001953125,333466
2016-10-14,5809.52001953125,5809.52001953125,6095.240234375,5809.52001953125,5904.759765625,274186
2016-10-17,5904.759765625,5904.759765625,6000.0,5714.2900390625,5809.52001953125,348606
2016-10-18,5904.759765625,5904.759765625,5904.759765625,5809.52001953125,5904.759765625,395378
2016-10-19,6000.0,6000.0,6000.0,5809.52001953125,5809.52001953125,543793
2016-10-20,6000.0,6000.0,6000.0,5904.759765625,5904.759765625,549045
2016-10-21,5904.759765625,5904.759765625,6000.0,5904.759765625,5904.759765625,477248
2016-10-24,5904.759765625,5904.759765625,6000.0,5904.759765625,5904.759765625,805037
2016-10-25,5904.759765625,5904.759765625,6000.0,5809.52001953125,5809.52001953125,479312
2016-10-26,5809.52001953125,5809.52001953125,5904.759765625,5809.52001953125,5809.52001953125,513403
2016-10-27,5619.0498046875,5619.0498046875,5809.52001953125,5619.0498046875,5809.52001953125,313724
2016-10-28,5714.2900390625,5714.2900390625,5809.52001953125,5619.0498046875,5619.0498046875,358822
2016-10-31,5619.0498046875,5619.0498046875,5714.2900390625,5619.0498046875,5714.2900390625,212051
2016-11-01,5809.52001953125,5809.52001953125,5809.52001953125,5714.2900390625,5714.2900390625,154004
2016-11-02,5714.2900390625,5714.2900390625,5714.2900390625,5619.0498046875,5714.2900390625,137650
2016-11-03,5714.2900390625,5714.2900390625,5809.52001953125,5619.0498046875,5619.0498046875,351207
2016-11-04,5714.2900390625,5714.2900390625,5714.2900390625,5619.0498046875,5714.2900390625,254866
2016-11-07,5809.52001953125,5809.52001953125,5809.52001953125,5619.0498046875,5714.2900390625,181256
2016-11-08,5809.52001953125,5809.52001953125,5809.52001953125,5619.0498046875,5809.52001953125,318286
2016-11-09,5619.0498046875,5619.0498046875,5714.2900390625,5428.56982421875,5714.2900390625,219261
2016-11-10,5714.2900390625,5714.2900390625,5714.2900390625,5619.0498046875,5619.0498046875,358575
2016-11-11,5809.52001953125,5809.52001953125,5809.52001953125,5619.0498046875,5714.2900390625,142583
2016-11-14,5714.2900390625,5714.2900390625,5714.2900390625,5523.81005859375,5714.2900390625,123764
2016-11-15,5714.2900390625,5714.2900390625,5714.2900390625,5714.2900390625,5714.2900390625,96508
2016-11-16,5714.2900390625,5714.2900390625,5809.52001953125,5714.2900390625,5714.2900390625,105840
2016-11-17,5714.2900390625,5714.2900390625,5714.2900390625,5714.2900390625,5714.2900390625,92645
2016-11-18,5714.2900390625,5714.2900390625,5714.2900390625,5619.0498046875,5714.2900390625,247267
2016-11-21,5809.52001953125,5809.52001953125,5809.52001953125,5714.2900390625,5714.2900390625,97766
2016-11-22,5619.0498046875,5619.0498046875,5714.2900390625,5619.0498046875,5714.2900390625,234423
2016-11-23,5714.2900390625,5714.2900390625,5714.2900390625,5619.0498046875,5619.0498046875,46381
2016-11-25,5523.81005859375,5523.81005859375,5619.0498046875,5523.81005859375,5619.0498046875,70098
2016-11-28,5333.330078125,5333.330078125,5523.81005859375,5238.10009765625,5523.81005859375,170550
2016-11-29,5428.56982421875,5428.56982421875,5428.56982421875,5333.330078125,5333.330078125,35667
2016-11-30,5238.10009765625,5238.10009765625,5428.56982421875,5238.10009765625,5428.56982421875,79372
2016-12-01,5238.10009765625,5238.10009765625,5333.330078125,5238.10009765625,5238.10009765625,149415
2016-12-02,5238.10009765625,5238.10009765625,5238.10009765625,5142.85986328125,5238.10009765625,183822
2016-12-05,5428.56982421875,5428.56982421875,5428.56982421875,5047.6201171875,5428.56982421875,81021
2016-12-06,5333.330078125,5333.330078125,5428.56982421875,5142.85986328125,5238.10009765625,127522
2016-12-07,5142.85986328125,5142.85986328125,5142.85986328125,5047.6201171875,5142.85986328125,319568
2016-12-08,5142.85986328125,5142.85986328125,5238.10009765625,5047.6201171875,5142.85986328125,265795
2016-12-09,5047.6201171875,5047.6201171875,5142.85986328125,4952.3798828125,5142.85986328125,139544
2016-12-12,4952.3798828125,4952.3798828125,5047.6201171875,4952.3798828125,4952.3798828125,59746
2016-12-13,5047.6201171875,5047.6201171875,5047.6201171875,4571.43017578125,4857.14013671875,565362
2016-12-14,5142.85986328125,5142.85986328125,5142.85986328125,4666.669921875,5047.6201171875,371096
2016-12-15,5333.330078125,5333.330078125,5333.330078125,4952.3798828125,5047.6201171875,364054
2016-12-16,5238.10009765625,5238.10009765625,5333.330078125,5238.10009765625,5238.10009765625,296100
2016-12-19,5523.81005859375,5523.81005859375,5523.81005859375,4952.3798828125,5238.10009765625,389582
2016-12-20,5333.330078125,5333.330078125,5619.0498046875,5333.330078125,5619.0498046875,88450
2016-12-21,5428.56982421875,5428.56982421875,5428.56982421875,5238.10009765625,5428.56982421875,63052
2016-12-22,5238.10009765625,5238.10009765625,5428.56982421875,5238.10009765625,5333.330078125,28953
2016-12-23,5238.10009765625,5238.10009765625,5238.10009765625,5238.10009765625,5238.10009765625,7030
2016-12-27,5142.85986328125,5142.85986328125,5238.10009765625,5047.6201171875,5142.85986328125,77242
2016-12-28,5142.85986328125,5142.85986328125,5238.10009765625,5047.6201171875,5047.6201171875,34762
2016-12-29,5238.10009765625,5238.10009765625,5428.56982421875,5047.6201171875,5238.10009765625,59378
2016-12-30,5238.10009765625,5238.10009765625,5238.10009765625,5047.6201171875,5047.6201171875,58306
2017-01-03,5238.10009765625,5238.10009765625,5238.10009765625,4761.89990234375,4952.3798828125,217416
2017-01-04,5238.10009765625,5238.10009765625,5333.330078125,5142.85986328125,5142.85986328125,54528
2017-01-05,5238.10009765625,5238.10009765625,5238.10009765625,5047.6201171875,5142.85986328125,38974
2017-01-06,5047.6201171875,5047.6201171875,5238.10009765625,5047.6201171875,5142.85986328125,102008
2017-01-09,5047.6201171875,5047.6201171875,5142.85986328125,4952.3798828125,4952.3798828125,129879
2017-01-10,4952.3798828125,4952.3798828125,5142.85986328125,4952.3798828125,5047.6201171875,41354
2017-01-11,5333.330078125,5333.330078125,5428.56982421875,5047.6201171875,5047.6201171875,163764
2017-01-12,5238.10009765625,5238.10009765625,5238.10009765625,5142.85986328125,5238.10009765625,86625
2017-01-13,5047.6201171875,5047.6201171875,5333.330078125,5047.6201171875,5238.10009765625,58165
2017-01-17,5142.85986328125,5142.85986328125,5142.85986328125,5047.6201171875,5047.6201171875,183776
2017-01-18,5619.0498046875,5619.0498046875,5619.0498046875,5142.85986328125,5142.85986328125,1325070
2017-01-19,5523.81005859375,5523.81005859375,5809.52001953125,5428.56982421875,5619.0498046875,338152
2017-01-20,5523.81005859375,5523.81005859375,5523.81005859375,5428.56982421875,5523.81005859375,163275
2017-01-23,5523.81005859375,5523.81005859375,5619.0498046875,5238.10009765625,5428.56982421875,186290
2017-01-24,5714.2900390625,5714.2900390625,5714.2900390625,5523.81005859375,5523.81005859375,160440
2017-01-25,6095.240234375,6095.240234375,6095.240234375,5714.2900390625,5714.2900390625,645625
2017-01-26,6095.240234375,6095.240234375,6095.240234375,6095.240234375,6095.240234375,0
2017-01-27,6095.240234375,6095.240234375,6095.240234375,6095.240234375,6095.240234375,0
2017-01-30,6095.240234375,6095.240234375,6095.240234375,6095.240234375,6095.240234375,0
2017-01-31,6095.240234375,6095.240234375,6095.240234375,6095.240234375,6095.240234375,0
2017-02-01,6095.240234375,6095.240234375,6095.240234375,6095.240234375,6095.240234375,0
2017-02-02,6095.240234375,6095.240234375,6095.240234375,6095.240234375,6095.240234375,0
2017-02-03,5714.2900390625,5714.2900390625,6000.0,5714.2900390625,5904.759765625,240398
2017-02-06,6000.0,6000.0,6000.0,5523.81005859375,5619.0498046875,378240
2017-02-07,5809.52001953125,5809.52001953125,5904.759765625,5714.2900390625,5904.759765625,310828
2017-02-08,5619.0498046875,5619.0498046875,5809.52001953125,5619.0498046875,5714.2900390625,421583
2017-02-09,5714.2900390625,5714.2900390625,5714.2900390625,5619.0498046875,5619.0498046875,48111
2017-02-10,5619.0498046875,5619.0498046875,5714.2900390625,5523.81005859375,5619.0498046875,156450
2017-02-13,5809.52001953125,5809.52001953125,5809.52001953125,5619.0498046875,5619.0498046875,178710
2017-02-14,5523.81005859375,5523.81005859375,5809.52001953125,5523.81005859375,5809.52001953125,204041
2017-02-16,5523.81005859375,5523.81005859375,5714.2900390625,5523.81005859375,5619.0498046875,67359
2017-02-17,5714.2900390625,5714.2900390625,5714.2900390625,5428.56982421875,5523.81005859375,75154
2017-02-21,5904.759765625,5904.759765625,5904.759765625,5714.2900390625,5809.52001953125,158979
2017-02-22,6000.0,6000.0,6095.240234375,5714.2900390625,5809.52001953125,770419
2017-02-23,6000.0,6000.0,6095.240234375,5904.759765625,6000.0,266280
2017-02-24,5714.2900390625,5714.2900390625,6095.240234375,5714.2900390625,5904.759765625,349766
2017-02-27,5904.759765625,5904.759765625,5904.759765625,5714.2900390625,5714.2900390625,328788
2017-02-28,5809.52001953125,5809.52001953125,6000.0,5714.2900390625,5904.759765625,457288
2017-03-01,5714.2900390625,5714.2900390625,5809.52001953125,5619.0498046875,5714.2900390625,320376
2017-03-02,5714.2900390625,5714.2900390625,5809.52001953125,5619.0498046875,5714.2900390625,175844
2017-03-03,5714.2900390625,5714.2900390625,5714.2900390625,5619.0498046875,5619.0498046875,53248
2017-03-06,5619.0498046875,5619.0498046875,5714.2900390625,5619.0498046875,5619.0498046875,99910
2017-03-07,5619.0498046875,5619.0498046875,5714.2900390625,5619.0498046875,5619.0498046875,57297
2017-03-08,5619.0498046875,5619.0498046875,5714.2900390625,5619.0498046875,5619.0498046875,71653
2017-03-09,5619.0498046875,5619.0498046875,5714.2900390625,5619.0498046875,5619.0498046875,134684
2017-03-10,5619.0498046875,5619.0498046875,5619.0498046875,5619.0498046875,5619.0498046875,65110
2017-03-13,5714.2900390625,5714.2900390625,5714.2900390625,5523.81005859375,5619.0498046875,151736
2017-03-14,5619.0498046875,5619.0498046875,5714.2900390625,5523.81005859375,5714.2900390625,147353
2017-03-15,5619.0498046875,5619.0498046875,5809.52001953125,5619.0498046875,5714.2900390625,51566
2017-03-16,5809.52001953125,5809.52001953125,5904.759765625,5619.0498046875,5619.0498046875,290411
2017-03-17,5904.759765625,5904.759765625,6095.240234375,5904.759765625,5904.759765625,905276
2017-03-20,6380.9501953125,6380.9501953125,6380.9501953125,6000.0,6000.0,1664848
2017-03-21,6285.7099609375,6285.7099609375,6380.9501953125,6190.47998046875,6380.9501953125,608811
2017-03-22,6190.47998046875,6190.47998046875,6285.7099609375,6095.240234375,6190.47998046875,565467
2017-03-23,6095.240234375,6095.240234375,6190.47998046875,6000.0,6190.47998046875,496251
2017-03-24,6190.47998046875,6190.47998046875,6285.7099609375,6095.240234375,6095.240234375,345555
2017-03-27,6190.47998046875,6190.47998046875,6380.9501953125,6095.240234375,6190.47998046875,669128
2017-03-28,6285.7099609375,6285.7099609375,6380.9501953125,6095.240234375,6190.47998046875,626258
2017-03-29,6285.7099609375,6285.7099609375,6380.9501953125,6190.47998046875,6285.7099609375,386680
2017-03-30,6285.7099609375,6285.7099609375,6380.9501953125,6095.240234375,6285.7099609375,267100
2017-03-31,6000.0,6000.0,6190.47998046875,6000.0,6190.47998046875,248471
2017-04-03,5904.759765625,5904.759765625,6000.0,5809.52001953125,6000.0,251259
2017-04-04,5714.2900390625,5714.2900390625,5904.759765625,5714.2900390625,5809.52001953125,367695
2017-04-05,5809.52001953125,5809.52001953125,5904.759765625,5809.52001953125,5809.52001953125,260401
2017-04-06,5809.52001953125,5809.52001953125,5809.52001953125,5809.52001953125,5809.52001953125,0
2017-04-07,5714.2900390625,5714.2900390625,5809.52001953125,5714.2900390625,5809.52001953125,281820
2017-04-10,5904.759765625,5904.759765625,5904.759765625,5714.2900390625,5714.2900390625,443246
2017-04-11,5714.2900390625,5714.2900390625,5904.759765625,5714.2900390625,5904.759765625,320278
2017-04-12,5714.2900390625,5714.2900390625,5809.52001953125,5714.2900390625,5714.2900390625,322560
2017-04-13,5523.81005859375,5523.81005859375,5714.2900390625,5523.81005859375,5619.0498046875,548530
2017-04-17,5333.330078125,5333.330078125,5523.81005859375,5333.330078125,5428.56982421875,551669
2017-04-18,5619.0498046875,5619.0498046875,5619.0498046875,5333.330078125,5428.56982421875,593553
2017-04-19,5428.56982421875,5428.56982421875,5619.0498046875,5428.56982421875,5619.0498046875,299250
2017-04-20,5428.56982421875,5428.56982421875,5523.81005859375,5428.56982421875,5523.81005859375,669107
2017-04-21,5714.2900390625,5714.2900390625,5809.52001953125,5523.81005859375,5523.81005859375,1170014
2017-04-24,5904.759765625,5904.759765625,6095.240234375,5619.0498046875,5714.2900390625,1272714
2017-04-25,5904.759765625,5904.759765625,6095.240234375,5809.52001953125,5904.759765625,788467
2017-04-26,6000.0,6000.0,6095.240234375,5809.52001953125,5904.759765625,1659467
2017-04-27,6095.240234375,6095.240234375,6095.240234375,5904.759765625,5904.759765625,777600
2017-04-28,6000.0,6000.0,6000.0,5904.759765625,6000.0,410173
2017-05-01,6000.0,6000.0,6000.0,6000.0,6000.0,0
2017-05-02,6000.0,6000.0,6000.0,6000.0,6000.0,0
2017-05-03,6476.18994140625,6476.18994140625,6476.18994140625,5714.2900390625,5904.759765625,1851693
2017-05-04,6476.18994140625,6476.18994140625,6761.89990234375,6285.7099609375,6571.43017578125,1776339
2017-05-05,6476.18994140625,6476.18994140625,6666.669921875,6380.9501953125,6476.18994140625,974256
2017-05-08,6476.18994140625,6476.18994140625,6666.669921875,6285.7099609375,6476.18994140625,1034466
2017-05-09,6761.89990234375,6761.89990234375,6761.89990234375,6285.7099609375,6476.18994140625,2695891
2017-05-10,6571.43017578125,6571.43017578125,6857.14013671875,6476.18994140625,6857.14013671875,867114
2017-05-11,6666.669921875,6666.669921875,6857.14013671875,6476.18994140625,6476.18994140625,2107258
2017-05-12,6666.669921875,6666.669921875,6761.89990234375,6476.18994140625,6761.89990234375,528654
2017-05-15,6761.89990234375,6761.89990234375,6761.89990234375,6000.0,6000.0,943810
2017-05-16,6857.14013671875,6857.14013671875,7142.85986328125,6761.89990234375,6761.89990234375,2872122
2017-05-17,6952.3798828125,6952.3798828125,7047.6201171875,6666.669921875,6857.14013671875,1492168
2017-05-18,6761.89990234375,6761.89990234375,7047.6201171875,6761.89990234375,6952.3798828125,835536
2017-05-19,6666.669921875,6666.669921875,7047.6201171875,6571.43017578125,6666.669921875,2022536
2017-05-22,6476.18994140625,6476.18994140625,6857.14013671875,6476.18994140625,6857.14013671875,975146
2017-05-23,6190.47998046875,6190.47998046875,6666.669921875,6190.47998046875,6476.18994140625,649875
2017-05-24,6285.7099609375,6285.7099609375,6476.18994140625,6095.240234375,6190.47998046875,605220
2017-05-25,6571.43017578125,6571.43017578125,6666.669921875,6285.7099609375,6285.7099609375,673179
2017-05-26,6380.9501953125,6380.9501953125,6666.669921875,6380.9501953125,6571.43017578125,442449
2017-05-30,6000.0,6000.0,6380.9501953125,6000.0,6190.47998046875,633276
2017-05-31,6000.0,6000.0,6190.47998046875,6000.0,6095.240234375,646224
2017-06-01,6095.240234375,6095.240234375,6190.47998046875,6095.240234375,6095.240234375,347560
2017-06-02,6476.18994140625,6476.18994140625,6571.43017578125,6000.0,6095.240234375,1205737
2017-06-05,6380.9501953125,6380.9501953125,6666.669921875,6380.9501953125,6476.18994140625,428190
2017-06-06,6666.669921875,6666.669921875,6761.89990234375,6380.9501953125,6380.9501953125,1173487
2017-06-07,6571.43017578125,6571.43017578125,6857.14013671875,6571.43017578125,6666.669921875,1784641
2017-06-08,6800.0,6800.0,6900.0,6600.0,6700.0,329504
2017-06-09,6800.0,6800.0,6900.0,6700.0,6800.0,529610
2017-06-12,6800.0,6800.0,6900.0,6600.0,6800.0,324943
2017-06-13,7200.0,7200.0,7200.0,6600.0,6700.0,635950
2017-06-14,7100.0,7100.0,7300.0,7000.0,7100.0,944705
2017-06-15,7000.0,7000.0,7100.0,6800.0,7000.0,239720
2017-06-16,7000.0,7000.0,7000.0,6800.0,6800.0,227900
2017-06-19,6800.0,6800.0,6900.0,6800.0,6800.0,205220
2017-06-20,7100.0,7100.0,7300.0,6900.0,6900.0,1489922
2017-06-21,7200.0,7200.0,7400.0,7000.0,7400.0,380089
2017-06-22,7000.0,7000.0,7100.0,6900.0,7100.0,527120
2017-06-26,7000.0,7000.0,7100.0,6900.0,7100.0,129248
2017-06-27,6900.0,6900.0,7000.0,6800.0,7000.0,248955
2017-06-28,6900.0,6900.0,7000.0,6800.0,6900.0,391715
2017-06-29,7200.0,7200.0,7200.0,6800.0,6900.0,1288685
2017-06-30,7100.0,7100.0,7400.0,7100.0,7200.0,1006527
2017-07-03,7500.0,7500.0,7500.0,7000.0,7100.0,2346530
2017-07-05,8000.0,8000.0,8000.0,7600.0,7600.0,3107890
2017-07-06,8000.0,8000.0,8100.0,7900.0,8000.0,1016004
2017-07-07,7600.0,7600.0,8200.0,7600.0,8100.0,2255670
2017-07-10,7300.0,7300.0,7700.0,7300.0,7700.0,1290235
2017-07-11,7300.0,7300.0,7400.0,7100.0,7200.0,383134
2017-07-12,7000.0,7000.0,7500.0,7000.0,7300.0,740081
2017-07-13,7100.0,7100.0,7200.0,7000.0,7200.0,241414
2017-07-14,7100.0,7100.0,7200.0,7000.0,7200.0,255279
2017-07-17,6800.0,6800.0,7100.0,6800.0,7000.0,617068
2017-07-18,6900.0,6900.0,6900.0,6700.0,6800.0,386900
2017-07-19,6800.0,6800.0,7100.0,6800.0,7000.0,132200
2017-07-20,6800.0,6800.0,6900.0,6700.0,6800.0,226600
2017-07-21,6800.0,6800.0,7000.0,6800.0,6900.0,2117357
2017-07-24,6700.0,6700.0,6800.0,6600.0,6700.0,140262
2017-07-25,6900.0,6900.0,6900.0,6700.0,6900.0,138900
2017-07-26,7000.0,7000.0,7200.0,6700.0,6900.0,803900
2017-07-27,7000.0,7000.0,7100.0,7000.0,7000.0,300976
2017-07-28,7100.0,7100.0,7200.0,7000.0,7000.0,195063
2017-07-31,7100.0,7100.0,7200.0,7000.0,7200.0,740660
2017-08-01,7100.0,7100.0,7300.0,7000.0,7000.0,947270
2017-08-02,7200.0,7200.0,7300.0,7000.0,7100.0,357961
2017-08-03,7800.0,7800.0,7800.0,7100.0,7200.0,1866200
2017-08-04,7800.0,7800.0,7800.0,7800.0,7800.0,0
2017-08-07,8000.0,8000.0,8400.0,7800.0,8100.0,1882049
2017-08-08,7800.0,7800.0,8300.0,7800.0,8000.0,1854859
2017-08-09,7600.0,7600.0,7800.0,7300.0,7800.0,522810
2017-08-10,7800.0,7800.0,8100.0,7400.0,7500.0,1250267
2017-08-11,7900.0,7900.0,7900.0,7600.0,7800.0,806378
2017-08-14,7900.0,7900.0,8000.0,7700.0,7800.0,658289
2017-08-15,7600.0,7600.0,7900.0,7600.0,7900.0,131505
2017-08-16,7800.0,7800.0,7800.0,7400.0,7600.0,204035
2017-08-17,7500.0,7500.0,7800.0,7500.0,7800.0,170831
2017-08-18,7700.0,7700.0,7700.0,7400.0,7500.0,453833
2017-08-21,7800.0,7800.0,7800.0,7400.0,7500.0,623660
2017-08-22,7600.0,7600.0,7800.0,7400.0,7700.0,691385
2017-08-23,7100.0,7100.0,7500.0,7100.0,7500.0,579387
2017-08-24,7100.0,7100.0,7300.0,7100.0,7300.0,256555
2017-08-25,7700.0,7700.0,7700.0,7100.0,7300.0,1106719
2017-08-28,7800.0,7800.0,7900.0,7500.0,7500.0,828200
2017-08-29,7500.0,7500.0,7800.0,7500.0,7600.0,1016235
2017-08-30,7400.0,7400.0,7600.0,7400.0,7500.0,431247
2017-08-31,7800.0,7800.0,7800.0,7300.0,7500.0,479465
2017-09-01,7700.0,7700.0,7700.0,7500.0,7700.0,210188
2017-09-05,7500.0,7500.0,7600.0,7400.0,7600.0,133130
2017-09-06,7400.0,7400.0,7500.0,7400.0,7400.0,291377
2017-09-07,7600.0,7600.0,7700.0,7400.0,7400.0,563382
2017-09-08,7600.0,7600.0,7700.0,7500.0,7600.0,131504
2017-09-11,7300.0,7300.0,7500.0,7300.0,7500.0,457203
2017-09-12,7300.0,7300.0,7400.0,7300.0,7300.0,43688
2017-09-13,7600.0,7600.0,7600.0,7300.0,7300.0,184713
2017-09-14,7300.0,7300.0,7500.0,7300.0,7500.0,712162
2017-09-15,7300.0,7300.0,7400.0,7300.0,7300.0,124000
2017-09-18,7300.0,7300.0,7500.0,7300.0,7400.0,89975
2017-09-19,7300.0,7300.0,7400.0,7300.0,7300.0,1006047
2017-09-20,7300.0,7300.0,7300.0,7300.0,7300.0,854100
2017-09-21,7300.0,7300.0,7500.0,7300.0,7300.0,105277
2017-09-22,7400.0,7400.0,7400.0,7300.0,7400.0,227574
2017-09-25,7400.0,7400.0,7400.0,7400.0,7400.0,0
2017-09-26,7300.0,7300.0,7400.0,7300.0,7400.0,86761
2017-09-27,7300.0,7300.0,7300.0,7200.0,7300.0,175518
2017-09-28,7300.0,7300.0,7400.0,7200.0,7300.0,65976
2017-09-29,7200.0,7200.0,7300.0,7200.0,7300.0,1098658
2017-10-02,7000.0,7000.0,7200.0,7000.0,7200.0,83900
2017-10-03,6800.0,6800.0,7100.0,6800.0,7100.0,174780
2017-10-04,7000.0,7000.0,7000.0,6800.0,6900.0,133000
2017-10-05,7000.0,7000.0,7000.0,7000.0,7000.0,123301
2017-10-06,7000.0,7000.0,7100.0,7000.0,7000.0,72130
2017-10-09,7200.0,7200.0,7200.0,7100.0,7100.0,169210
2017-10-10,7100.0,7100.0,7200.0,7100.0,7100.0,182854
2017-10-11,7000.0,7000.0,7200.0,7000.0,7100.0,225720
2017-10-12,7000.0,7000.0,7000.0,7000.0,7000.0,64595
2017-10-13,7200.0,7200.0,7200.0,7000.0,7100.0,126207
2017-10-16,7100.0,7100.0,7300.0,7100.0,7100.0,170929
2017-10-17,7300.0,7300.0,7300.0,7000.0,7100.0,316879
2017-10-18,7200.0,7200.0,7400.0,7200.0,7300.0,360507
2017-10-19,7200.0,7200.0,7300.0,7200.0,7200.0,295420
2017-10-20,7200.0,7200.0,7400.0,7200.0,7300.0,267807
2017-10-23,7300.0,7300.0,7300.0,7200.0,7200.0,851152
2017-10-24,7500.0,7500.0,7600.0,7200.0,7300.0,672777
2017-10-25,7600.0,7600.0,7700.0,7400.0,7500.0,707998
2017-10-26,7300.0,7300.0,7700.0,7300.0,7500.0,320125
2017-10-27,7400.0,7400.0,7500.0,7200.0,7400.0,265200
2017-10-30,7200.0,7200.0,7500.0,7200.0,7300.0,777200
2017-10-31,7300.0,7300.0,7400.0,7100.0,7300.0,576957
2017-11-01,7100.0,7100.0,7400.0,7100.0,7200.0,276011
2017-11-02,7200.0,7200.0,7400.0,7100.0,7200.0,175842
2017-11-03,7200.0,7200.0,7200.0,7000.0,7100.0,269000
2017-11-06,7300.0,7300.0,7300.0,7000.0,7100.0,124800
2017-11-07,7300.0,7300.0,7300.0,7100.0,7100.0,73500
2017-11-08,7200.0,7200.0,7400.0,7200.0,7300.0,258000
2017-11-09,7300.0,7300.0,7300.0,7200.0,7200.0,216600
2017-11-10,7300.0,7300.0,7300.0,7200.0,7300.0,589610
2017-11-13,7400.0,7400.0,7500.0,7200.0,7200.0,836442
2017-11-14,7600.0,7600.0,7700.0,7400.0,7400.0,909880
2017-11-15,7600.0,7600.0,7700.0,7500.0,7600.0,337045
2017-11-16,7700.0,7700.0,7800.0,7500.0,7600.0,605052
2017-11-17,7700.0,7700.0,7900.0,7600.0,7700.0,560206
2017-11-20,7600.0,7600.0,7800.0,7500.0,7700.0,532595
2017-11-21,8000.0,8000.0,8000.0,7700.0,7700.0,1774015
2017-11-22,8400.0,8400.0,8400.0,7900.0,8000.0,1732005
2017-11-24,9800.0,9800.0,9800.0,9000.0,9200.0,1552117
2017-11-27,10300.0,10300.0,10300.0,9500.0,9600.0,1739322
2017-11-28,10500.0,10500.0,10500.0,10000.0,10400.0,1170385
2017-11-29,11100.0,11100.0,11200.0,9700.0,10500.0,2388533
2017-11-30,11800.0,11800.0,11800.0,10800.0,11000.0,2497745
2017-12-01,12500.0,12500.0,12600.0,11700.0,12000.0,1990285
2017-12-04,11300.0,11300.0,12800.0,11300.0,12500.0,1746192
2017-12-05,10600.0,10600.0,11900.0,10300.0,10500.0,2701021
2017-12-06,11000.0,11000.0,11200.0,9900.0,10000.0,397309
2017-12-07,11700.0,11700.0,11700.0,10800.0,11400.0,882705
2017-12-08,12600.0,12600.0,12800.0,11500.0,11700.0,3143645
2017-12-11,12800.0,12800.0,12900.0,11600.0,12300.0,1418748
2017-12-12,12800.0,12800.0,13000.0,11600.0,12900.0,1499700
2017-12-13,11600.0,11600.0,12700.0,11600.0,12700.0,734253
2017-12-14,11200.0,11200.0,11600.0,10500.0,10600.0,1517360
2017-12-15,11300.0,11300.0,11500.0,10500.0,11100.0,1160557
2017-12-18,10600.0,10600.0,11300.0,10500.0,11000.0,1191180
2017-12-19,10000.0,10000.0,10600.0,10000.0,10500.0,593042
2017-12-20,10400.0,10400.0,10900.0,10000.0,10000.0,1495266
2017-12-21,10500.0,10500.0,10800.0,10100.0,10400.0,568177
2017-12-22,10400.0,10400.0,10600.0,10100.0,10500.0,453837
2017-12-26,10300.0,10300.0,10300.0,9900.0,10100.0,518173
2017-12-27,10100.0,10100.0,10500.0,10000.0,10300.0,418200
2017-12-28,10700.0,10700.0,10700.0,9900.0,9900.0,351830
2017-12-29,10600.0,10600.0,10800.0,10500.0,10700.0,417451
2018-01-02,11000.0,11000.0,11000.0,10400.0,10500.0,521304
2018-01-03,10600.0,10600.0,11200.0,10600.0,11000.0,179046
2018-01-04,10500.0,10500.0,10800.0,10500.0,10800.0,136389
2018-01-05,10500.0,10500.0,11200.0,10300.0,10600.0,719293
2018-01-08,10600.0,10600.0,10700.0,10500.0,10700.0,151000
2018-01-10,10400.0,10400.0,10600.0,10100.0,10400.0,3103874
2018-01-11,10000.0,10000.0,10300.0,10000.0,10200.0,2892810
2018-01-12,9900.0,9900.0,10300.0,9900.0,10000.0,253147
2018-01-16,10000.0,10000.0,10000.0,9600.0,9900.0,298650
2018-01-17,9700.0,9700.0,10000.0,9700.0,9900.0,176887
2018-01-18,9700.0,9700.0,9800.0,9400.0,9600.0,325768
2018-01-19,9900.0,9900.0,10000.0,9500.0,9700.0,256223
2018-01-22,9800.0,9800.0,10000.0,9600.0,9900.0,257523
2018-01-23,9900.0,9900.0,9900.0,9700.0,9900.0,184915
2018-01-26,9300.0,9300.0,9500.0,8400.0,9300.0,277990
2018-01-30,9300.0,9300.0,9700.0,9300.0,9700.0,311049
2018-01-31,9300.0,9300.0,9400.0,9100.0,9400.0,82483
